Stock,Ticker,Sector,Recommendation,Total_Return,Buy_Hold_Return,Excess_Return,Win_Rate,Total_Trades,Sharpe_Ratio,Max_Drawdown,Final_Value
ConocoPhillips,COP,Energy,BUY,0.028894901876068253,3.3238719036560056,-3.2949770017799374,0,1,0.46450726986395724,0.11370541738770681,10288.949018760683
Morgan Stanley,MS,Financials,BUY,0.023905790771484317,7.354443090100096,-7.330537299328612,0,1,0.4430004001606593,0.08572816618133794,10239.057907714843
Caterpillar,CAT,Industrials,BUY,-0.049835710217285126,11.393452399798585,-11.443288110015871,0,1,-0.4607938908899568,0.1554232853080243,9501.642897827149
BlackRock,BLK,Financials,BUY,0.02323950512695319,2.798283119873047,-2.7750436147460937,0,1,0.4891524833698125,0.07154611960284213,10232.395051269532
Qualcomm,QCOM,Semiconductors,BUY,0.05017720994567899,3.2371286556091303,-3.186951445663451,0,1,0.5184424628391908,0.25673277061878513,10501.77209945679
Standard Chartered,STAN.L,Banking,BUY,0.08253713403320326,2.6970992,-2.6145620659667967,0,1,2.0041559020457242,0.05265925665896075,10825.371340332033
Northrop Grumman,NOC,Defence,HOLD,0.0,1.7540511327331543,-1.7540511327331543,0,0,0.0,0.0,10000.0
PepsiCo,PEP,Consumer Staples,HOLD,0.0,0.6319674609497069,-0.6319674609497069,0,0,0.0,0.0,10000.0
Johnson & Johnson,JNJ,Pharma,HOLD,0.0,2.007531471536255,-2.007531471536255,0,0,0.0,0.0,10000.0
AstraZeneca,AZN.L,Pharma,HOLD,0.0,0.2539448,-0.2539448,0,0,0.0,0.0,10000.0
Barclays,BARC.L,Banking,HOLD,0.0,1.7342729540252686,-1.7342729540252686,0,0,0.0,0.0,10000.0
BAE Systems,BA.L,Defence,HOLD,0.0,2.7430532,-2.7430532,0,0,0.0,0.0,10000.0
HSBC,HSBA.L,Banking,HOLD,0.0,1.5681691770751953,-1.5681691770751953,0,0,0.0,0.0,10000.0
NatWest Group,NWG.L,Banking,HOLD,0.0,2.6072692468261716,-2.6072692468261716,0,0,0.0,0.0,10000.0
Rolls-Royce,RR.L,Defence,HOLD,0.0,4.919674497558593,-4.919674497558593,0,0,0.0,0.0,10000.0
Lloyds Banking,LLOY.L,Banking,HOLD,0.0,0.999918136096191,-0.999918136096191,0,0,0.0,0.0,10000.0
Plug Power,PLUG,Meme/Speculative,HOLD,0.0,0.20481199360604277,-0.20481199360604277,0,0,0.0,0.0,10000.0
Marathon Digital,MARA,Meme/Speculative,SELL,0.0,-0.7166536256937026,0.7166536256937026,0,0,0.0,0.0,10000.0
GSK,GSK.L,Pharma,SELL,0.0,0.10948940000000003,-0.10948940000000003,0,0,0.0,0.0,10000.0
