Date,Stock,Ticker,Sector,Current_Price,Horizon,Signal,Signal_Strength,Reason,Probability_Up,Confidence,Model_Accuracy,Predicted_Direction,Recommended_Position
2026-01-28,Barclays,BARC.L,Banking,489.7999877929688,1d,HOLD,0.0,Low confidence,0.5193051460919057,0.0386102921838114,0.5101626016260162,UP ↑,1000.0
2026-01-28,Barclays,BARC.L,Banking,489.7999877929688,7d,HOLD,0.0,Low confidence,0.5196857400819616,0.0393714801639231,0.4817073170731707,UP ↑,1000.0
2026-01-28,Barclays,BARC.L,Banking,489.7999877929688,30d,HOLD,0.0,Low confidence,0.5182706873088326,0.0365413746176652,0.5975609756097561,UP ↑,1000.0
2026-01-28,Barclays,BARC.L,Banking,489.7999877929688,90d,HOLD,0.0,Low confidence,0.5182706873088326,0.0365413746176652,0.5975609756097561,UP ↑,1000.0
2026-01-28,HSBC,HSBA.L,Banking,1277.199951171875,1d,HOLD,0.0,Low confidence,0.4897637686979113,0.0204724626041774,0.5386178861788617,DOWN ↓,1000.0
2026-01-28,HSBC,HSBA.L,Banking,1277.199951171875,7d,HOLD,0.0,Low confidence,0.5112231235280756,0.0224462470561512,0.6565040650406504,UP ↑,1000.0
2026-01-28,HSBC,HSBA.L,Banking,1277.199951171875,30d,HOLD,0.0,Low confidence,0.4978270997200273,0.0043458005599453,0.4186991869918699,DOWN ↓,1000.0
2026-01-28,HSBC,HSBA.L,Banking,1277.199951171875,90d,HOLD,0.0,Low confidence,0.4978270997200273,0.0043458005599453,0.4186991869918699,DOWN ↓,1000.0
2026-01-28,Lloyds Banking,LLOY.L,Banking,105.25,1d,HOLD,0.0,Low confidence,0.451959066285956,0.096081867428088,0.4369918699186992,DOWN ↓,1000.0
2026-01-28,Lloyds Banking,LLOY.L,Banking,105.25,7d,HOLD,0.0,Low confidence,0.465722114491405,0.0685557710171899,0.4857723577235772,DOWN ↓,1000.0
2026-01-28,Lloyds Banking,LLOY.L,Banking,105.25,30d,HOLD,0.0,Low confidence,0.489497314799675,0.0210053704006499,0.4186991869918699,DOWN ↓,1000.0
2026-01-28,Lloyds Banking,LLOY.L,Banking,105.25,90d,HOLD,0.0,Low confidence,0.489497314799675,0.0210053704006499,0.4186991869918699,DOWN ↓,1000.0
2026-01-28,NatWest Group,NWG.L,Banking,667.5999755859375,1d,HOLD,0.0,Low confidence,0.5017988312913337,0.0035976625826674,0.5426829268292683,UP ↑,1000.0
2026-01-28,NatWest Group,NWG.L,Banking,667.5999755859375,7d,HOLD,0.0,Low confidence,0.5155216284987277,0.0310432569974554,0.5609756097560976,UP ↑,1000.0
2026-01-28,NatWest Group,NWG.L,Banking,667.5999755859375,30d,HOLD,0.0,Low confidence,0.5078450255407687,0.0156900510815374,0.7621951219512195,UP ↑,1000.0
2026-01-28,NatWest Group,NWG.L,Banking,667.5999755859375,90d,HOLD,0.0,Low confidence,0.5078450255407687,0.0156900510815374,0.7621951219512195,UP ↑,1000.0
2026-01-28,Standard Chartered,STAN.L,Banking,1854.0,1d,HOLD,0.0,Low confidence,0.5161313517009709,0.0322627034019418,0.4979674796747967,UP ↑,1000.0
2026-01-28,Standard Chartered,STAN.L,Banking,1854.0,7d,HOLD,0.0,Low confidence,0.425647099321032,0.1487058013579358,0.6321138211382114,DOWN ↓,1000.0
2026-01-28,Standard Chartered,STAN.L,Banking,1854.0,30d,HOLD,0.0,Low confidence,0.5290037738323373,0.0580075476646746,0.7947154471544715,UP ↑,1000.0
2026-01-28,Standard Chartered,STAN.L,Banking,1854.0,90d,HOLD,0.0,Low confidence,0.5290037738323373,0.0580075476646746,0.7947154471544715,UP ↑,1000.0
2026-01-28,Coca-Cola,KO,Consumer Staples,73.55000305175781,1d,SELL,0.06575977158806905,High downside probability (62.8%),0.3717816592798937,0.2564366814402125,0.5357873210633947,DOWN ↓,1065.759771588069
2026-01-28,Coca-Cola,KO,Consumer Staples,73.55000305175781,7d,HOLD,0.0,Low confidence,0.4421999331896874,0.1156001336206251,0.558282208588957,DOWN ↓,1000.0
2026-01-28,Coca-Cola,KO,Consumer Staples,73.55000305175781,30d,BUY,0.025456164193926115,High upside probability (58.0%),0.579774939977925,0.1595498799558499,0.5685071574642127,UP ↑,1025.4561641939263
2026-01-28,Coca-Cola,KO,Consumer Staples,73.55000305175781,90d,BUY,0.025456164193926115,High upside probability (58.0%),0.579774939977925,0.1595498799558499,0.5685071574642127,UP ↑,1025.4561641939263
2026-01-28,Costco,COST,Consumer Staples,970.280029296875,1d,HOLD,0.0,Low confidence,0.5500532615344641,0.1001065230689282,0.5173824130879345,UP ↑,1000.0
2026-01-28,Costco,COST,Consumer Staples,970.280029296875,7d,BUY,0.04737895127000337,High upside probability (60.9%),0.6088335325968097,0.2176670651936194,0.5705521472392638,UP ↑,1047.3789512700034
2026-01-28,Costco,COST,Consumer Staples,970.280029296875,30d,BUY,0.11084751338476662,High upside probability (66.6%),0.6664688509787692,0.3329377019575383,0.5378323108384458,UP ↑,1110.8475133847667
2026-01-28,Costco,COST,Consumer Staples,970.280029296875,90d,BUY,0.11084751338476662,High upside probability (66.6%),0.6664688509787692,0.3329377019575383,0.5378323108384458,UP ↑,1110.8475133847667
2026-01-28,PepsiCo,PEP,Consumer Staples,148.77999877929688,1d,HOLD,0.0,Low confidence,0.4701995977393228,0.0596008045213543,0.5378323108384458,DOWN ↓,1000.0
2026-01-28,PepsiCo,PEP,Consumer Staples,148.77999877929688,7d,BUY,0.03728619779779343,High upside probability (59.7%),0.5965481716525401,0.1930963433050803,0.5173824130879345,UP ↑,1037.2861977977934
2026-01-28,PepsiCo,PEP,Consumer Staples,148.77999877929688,30d,BUY,0.132276718650772,High upside probability (68.2%),0.681849332313025,0.36369866462605,0.4723926380368098,UP ↑,1132.276718650772
2026-01-28,PepsiCo,PEP,Consumer Staples,148.77999877929688,90d,BUY,0.132276718650772,High upside probability (68.2%),0.681849332313025,0.36369866462605,0.4723926380368098,UP ↑,1132.276718650772
2026-01-28,Procter & Gamble,PG,Consumer Staples,148.33999633789062,1d,HOLD,0.0,Low confidence,0.5093541885753198,0.0187083771506395,0.5316973415132924,UP ↑,1000.0
2026-01-28,Procter & Gamble,PG,Consumer Staples,148.33999633789062,7d,HOLD,0.0,Low confidence,0.4816936986831572,0.0366126026336854,0.5051124744376279,DOWN ↓,1000.0
2026-01-28,Procter & Gamble,PG,Consumer Staples,148.33999633789062,30d,BUY,0.047399441232192974,High upside probability (60.9%),0.6088570636571107,0.2177141273142213,0.5541922290388548,UP ↑,1047.3994412321929
2026-01-28,Procter & Gamble,PG,Consumer Staples,148.33999633789062,90d,BUY,0.047399441232192974,High upside probability (60.9%),0.6088570636571107,0.2177141273142213,0.5541922290388548,UP ↑,1047.3994412321929
2026-01-28,Walmart,WMT,Consumer Staples,116.94000244140624,1d,HOLD,0.0,Low confidence,0.5079823115323617,0.0159646230647234,0.558282208588957,UP ↑,1000.0
2026-01-28,Walmart,WMT,Consumer Staples,116.94000244140624,7d,HOLD,0.0,Low confidence,0.5613199007515267,0.1226398015030534,0.6359918200408998,UP ↑,1000.0
2026-01-28,Walmart,WMT,Consumer Staples,116.94000244140624,30d,BUY,0.030086010971727643,High upside probability (58.7%),0.5867265976672204,0.1734531953344407,0.7321063394683026,UP ↑,1030.0860109717275
2026-01-28,Walmart,WMT,Consumer Staples,116.94000244140624,90d,BUY,0.030086010971727643,High upside probability (58.7%),0.5867265976672204,0.1734531953344407,0.7321063394683026,UP ↑,1030.0860109717275
2026-01-28,BAE Systems,BA.L,Defence,0.0,1d,HOLD,0.0,Low confidence,0.4918921634887279,0.0162156730225442,0.556910569105691,DOWN ↓,1000.0
2026-01-28,BAE Systems,BA.L,Defence,0.0,7d,HOLD,0.0,Low confidence,0.5170093521253656,0.0340187042507311,0.5304878048780488,UP ↑,1000.0
2026-01-28,BAE Systems,BA.L,Defence,0.0,30d,HOLD,0.0,Low confidence,0.5330291458367168,0.0660582916734335,0.5813008130081301,UP ↑,1000.0
2026-01-28,BAE Systems,BA.L,Defence,0.0,90d,HOLD,0.0,Low confidence,0.5330291458367168,0.0660582916734335,0.5813008130081301,UP ↑,1000.0
2026-01-28,Lockheed Martin,LMT,Defence,594.9500122070312,1d,HOLD,0.0,Low confidence,0.5414110429447853,0.0828220858895705,0.5357873210633947,UP ↑,1000.0
2026-01-28,Lockheed Martin,LMT,Defence,594.9500122070312,7d,HOLD,0.0,Low confidence,0.5524474437271506,0.1048948874543012,0.5746421267893661,UP ↑,1000.0
2026-01-28,Lockheed Martin,LMT,Defence,594.9500122070312,30d,BUY,0.02477559417871106,High upside probability (57.9%),0.5787013249232678,0.1574026498465355,0.5685071574642127,UP ↑,1024.7755941787111
2026-01-28,Lockheed Martin,LMT,Defence,594.9500122070312,90d,BUY,0.02477559417871106,High upside probability (57.9%),0.5787013249232678,0.1574026498465355,0.5685071574642127,UP ↑,1024.7755941787111
2026-01-28,Northrop Grumman,NOC,Defence,678.739990234375,1d,HOLD,0.0,Low confidence,0.5544585925076132,0.1089171850152264,0.5296523517382413,UP ↑,1000.0
2026-01-28,Northrop Grumman,NOC,Defence,678.739990234375,7d,HOLD,0.0,Low confidence,0.572379629701687,0.1447592594033739,0.558282208588957,UP ↑,1000.0
2026-01-28,Northrop Grumman,NOC,Defence,678.739990234375,30d,HOLD,0.0,Low confidence,0.5410363780257476,0.0820727560514951,0.5971370143149284,UP ↑,1000.0
2026-01-28,Northrop Grumman,NOC,Defence,678.739990234375,90d,HOLD,0.0,Low confidence,0.5410363780257476,0.0820727560514951,0.5971370143149284,UP ↑,1000.0
2026-01-28,Raytheon Technologies,RTX,Defence,201.27999877929688,1d,HOLD,0.0,Low confidence,0.5168653713480054,0.0337307426960107,0.5112474437627812,UP ↑,1000.0
2026-01-28,Raytheon Technologies,RTX,Defence,201.27999877929688,7d,HOLD,0.0,Low confidence,0.5203086436618901,0.0406172873237802,0.591002044989775,UP ↑,1000.0
2026-01-28,Raytheon Technologies,RTX,Defence,201.27999877929688,30d,HOLD,0.0,Low confidence,0.5433471383046584,0.0866942766093168,0.7484662576687117,UP ↑,1000.0
2026-01-28,Raytheon Technologies,RTX,Defence,201.27999877929688,90d,HOLD,0.0,Low confidence,0.5433471383046584,0.0866942766093168,0.7484662576687117,UP ↑,1000.0
2026-01-28,Rolls-Royce,RR.L,Defence,1240.0,1d,HOLD,0.0,Low confidence,0.5584677990516695,0.116935598103339,0.5284552845528455,UP ↑,1000.0
2026-01-28,Rolls-Royce,RR.L,Defence,1240.0,7d,HOLD,0.0,Low confidence,0.4920632620779938,0.0158734758440123,0.3760162601626016,DOWN ↓,1000.0
2026-01-28,Rolls-Royce,RR.L,Defence,1240.0,30d,HOLD,0.0,Low confidence,0.4721738882128091,0.0556522235743817,0.2947154471544715,DOWN ↓,1000.0
2026-01-28,Rolls-Royce,RR.L,Defence,1240.0,90d,HOLD,0.0,Low confidence,0.4721738882128091,0.0556522235743817,0.2947154471544715,DOWN ↓,1000.0
2026-01-28,Chevron,CVX,Energy,169.0500030517578,1d,HOLD,0.0,Low confidence,0.5305578867434738,0.0611157734869476,0.556237218813906,UP ↑,1000.0
2026-01-28,Chevron,CVX,Energy,169.0500030517578,7d,HOLD,0.0,Low confidence,0.5002518148787697,0.0005036297575393,0.5644171779141104,UP ↑,1000.0
2026-01-28,Chevron,CVX,Energy,169.0500030517578,30d,SELL,0.029454661391886683,High downside probability (58.6%),0.4141881980845777,0.1716236038308445,0.6707566462167689,DOWN ↓,1029.4546613918867
2026-01-28,Chevron,CVX,Energy,169.0500030517578,90d,SELL,0.029454661391886683,High downside probability (58.6%),0.4141881980845777,0.1716236038308445,0.6707566462167689,DOWN ↓,1029.4546613918867
2026-01-28,ConocoPhillips,COP,Energy,99.87000274658205,1d,HOLD,0.0,Low confidence,0.5158389622554634,0.0316779245109268,0.5153374233128835,UP ↑,1000.0
2026-01-28,ConocoPhillips,COP,Energy,99.87000274658205,7d,HOLD,0.0,Low confidence,0.5495538382564654,0.0991076765129308,0.4846625766871165,UP ↑,1000.0
2026-01-28,ConocoPhillips,COP,Energy,99.87000274658205,30d,BUY,0.13070597887659655,High upside probability (68.1%),0.6807664092666255,0.3615328185332509,0.5664621676891616,UP ↑,1130.7059788765964
2026-01-28,ConocoPhillips,COP,Energy,99.87000274658205,90d,BUY,0.13070597887659655,High upside probability (68.1%),0.6807664092666255,0.3615328185332509,0.5664621676891616,UP ↑,1130.7059788765964
2026-01-28,Exxon Mobil,XOM,Energy,136.8300018310547,1d,HOLD,0.0,Low confidence,0.5152335729029106,0.0304671458058212,0.5214723926380368,UP ↑,1000.0
2026-01-28,Exxon Mobil,XOM,Energy,136.8300018310547,7d,HOLD,0.0,Low confidence,0.5036389754782116,0.0072779509564231,0.5460122699386503,UP ↑,1000.0
2026-01-28,Exxon Mobil,XOM,Energy,136.8300018310547,30d,HOLD,0.0,Low confidence,0.5244275741355628,0.0488551482711256,0.6380368098159509,UP ↑,1000.0
2026-01-28,Exxon Mobil,XOM,Energy,136.8300018310547,90d,HOLD,0.0,Low confidence,0.5244275741355628,0.0488551482711256,0.6380368098159509,UP ↑,1000.0
2026-01-28,Occidental Petroleum,OXY,Energy,44.54999923706055,1d,HOLD,0.0,Low confidence,0.4726706599001943,0.0546586801996114,0.5194274028629857,DOWN ↓,1000.0
2026-01-28,Occidental Petroleum,OXY,Energy,44.54999923706055,7d,HOLD,0.0,Low confidence,0.545922520318329,0.0918450406366579,0.5214723926380368,UP ↑,1000.0
2026-01-28,Occidental Petroleum,OXY,Energy,44.54999923706055,30d,BUY,0.06378736764802088,High upside probability (62.6%),0.6262808057940922,0.2525616115881843,0.523517382413088,UP ↑,1063.787367648021
2026-01-28,Occidental Petroleum,OXY,Energy,44.54999923706055,90d,BUY,0.06378736764802088,High upside probability (62.6%),0.6262808057940922,0.2525616115881843,0.523517382413088,UP ↑,1063.787367648021
2026-01-28,Schlumberger,SLB,Energy,50.65999984741211,1d,HOLD,0.0,Low confidence,0.4314052538698698,0.1371894922602604,0.5398773006134969,DOWN ↓,1000.0
2026-01-28,Schlumberger,SLB,Energy,50.65999984741211,7d,HOLD,0.0,Low confidence,0.4861628631022208,0.0276742737955584,0.5419222903885481,DOWN ↓,1000.0
2026-01-28,Schlumberger,SLB,Energy,50.65999984741211,30d,HOLD,0.0,Low confidence,0.5514363580175311,0.1028727160350622,0.621676891615542,UP ↑,1000.0
2026-01-28,Schlumberger,SLB,Energy,50.65999984741211,90d,HOLD,0.0,Low confidence,0.5514363580175311,0.1028727160350622,0.621676891615542,UP ↑,1000.0
2026-01-28,Bank of America,BAC,Financials,52.16999816894531,1d,HOLD,0.0,Low confidence,0.4968350049382507,0.0063299901234985,0.5521472392638037,DOWN ↓,1000.0
2026-01-28,Bank of America,BAC,Financials,52.16999816894531,7d,HOLD,0.0,Low confidence,0.5106304873246723,0.0212609746493446,0.623721881390593,UP ↑,1000.0
2026-01-28,Bank of America,BAC,Financials,52.16999816894531,30d,HOLD,0.0,Low confidence,0.5542950765016973,0.1085901530033945,0.6993865030674846,UP ↑,1000.0
2026-01-28,Bank of America,BAC,Financials,52.16999816894531,90d,HOLD,0.0,Low confidence,0.5542950765016973,0.1085901530033945,0.6993865030674846,UP ↑,1000.0
2026-01-28,BlackRock,BLK,Financials,1106.68994140625,1d,HOLD,0.0,Low confidence,0.5230473997391555,0.0460947994783109,0.5316973415132924,UP ↑,1000.0
2026-01-28,BlackRock,BLK,Financials,1106.68994140625,7d,HOLD,0.0,Low confidence,0.557972834670197,0.1159456693403939,0.5930470347648262,UP ↑,1000.0
2026-01-28,BlackRock,BLK,Financials,1106.68994140625,30d,HOLD,0.0,Low confidence,0.5660140458330898,0.1320280916661795,0.656441717791411,UP ↑,1000.0
2026-01-28,BlackRock,BLK,Financials,1106.68994140625,90d,HOLD,0.0,Low confidence,0.5660140458330898,0.1320280916661795,0.656441717791411,UP ↑,1000.0
2026-01-28,Goldman Sachs,GS,Financials,929.719970703125,1d,BUY,0.1020798074308915,High upside probability (66.0%),0.6597496537014177,0.3194993074028354,0.5480572597137015,UP ↑,1102.0798074308916
2026-01-28,Goldman Sachs,GS,Financials,929.719970703125,7d,HOLD,0.0,Low confidence,0.5329475379559488,0.0658950759118977,0.6155419222903885,UP ↑,1000.0
2026-01-28,Goldman Sachs,GS,Financials,929.719970703125,30d,HOLD,0.0,Low confidence,0.5138972225070819,0.0277944450141638,0.754601226993865,UP ↑,1000.0
2026-01-28,Goldman Sachs,GS,Financials,929.719970703125,90d,HOLD,0.0,Low confidence,0.5138972225070819,0.0277944450141638,0.754601226993865,UP ↑,1000.0
2026-01-28,JPMorgan Chase,JPM,Financials,300.3099975585937,1d,HOLD,0.0,Low confidence,0.4968251770963056,0.0063496458073887,0.5685071574642127,DOWN ↓,1000.0
2026-01-28,JPMorgan Chase,JPM,Financials,300.3099975585937,7d,HOLD,0.0,Low confidence,0.560894665332816,0.1217893306656319,0.6584867075664622,UP ↑,1000.0
2026-01-28,JPMorgan Chase,JPM,Financials,300.3099975585937,30d,BUY,0.032134775550528,High upside probability (59.0%),0.5896308757495541,0.1792617514991081,0.7055214723926381,UP ↑,1032.1347755505278
2026-01-28,JPMorgan Chase,JPM,Financials,300.3099975585937,90d,BUY,0.032134775550528,High upside probability (59.0%),0.5896308757495541,0.1792617514991081,0.7055214723926381,UP ↑,1032.1347755505278
2026-01-28,Morgan Stanley,MS,Financials,182.66000366210935,1d,HOLD,0.0,Low confidence,0.4825021706527659,0.0349956586944681,0.5541922290388548,DOWN ↓,1000.0
2026-01-28,Morgan Stanley,MS,Financials,182.66000366210935,7d,HOLD,0.0,Low confidence,0.557114165687723,0.1142283313754459,0.621676891615542,UP ↑,1000.0
2026-01-28,Morgan Stanley,MS,Financials,182.66000366210935,30d,BUY,0.03617502937486561,High upside probability (59.5%),0.5950986716190947,0.1901973432381893,0.6850715746421268,UP ↑,1036.1750293748657
2026-01-28,Morgan Stanley,MS,Financials,182.66000366210935,90d,BUY,0.03617502937486561,High upside probability (59.5%),0.5950986716190947,0.1901973432381893,0.6850715746421268,UP ↑,1036.1750293748657
2026-01-28,3M Company,MMM,Industrials,158.0500030517578,1d,HOLD,0.0,Low confidence,0.5230083043134492,0.0460166086268984,0.5316973415132924,UP ↑,1000.0
2026-01-28,3M Company,MMM,Industrials,158.0500030517578,7d,HOLD,0.0,Low confidence,0.5316710258652939,0.0633420517305878,0.5112474437627812,UP ↑,1000.0
2026-01-28,3M Company,MMM,Industrials,158.0500030517578,30d,HOLD,0.0,Low confidence,0.5499111913392077,0.0998223826784154,0.6687116564417178,UP ↑,1000.0
2026-01-28,3M Company,MMM,Industrials,158.0500030517578,90d,HOLD,0.0,Low confidence,0.5499111913392077,0.0998223826784154,0.6687116564417178,UP ↑,1000.0
2026-01-28,Caterpillar,CAT,Industrials,638.9099731445312,1d,HOLD,0.0,Low confidence,0.5442496271773374,0.0884992543546747,0.5460122699386503,UP ↑,1000.0
2026-01-28,Caterpillar,CAT,Industrials,638.9099731445312,7d,HOLD,0.0,Low confidence,0.5411367450099633,0.0822734900199266,0.5950920245398773,UP ↑,1000.0
2026-01-28,Caterpillar,CAT,Industrials,638.9099731445312,30d,BUY,0.04895261366426888,High upside probability (61.1%),0.6106261877498598,0.2212523754997195,0.6625766871165644,UP ↑,1048.952613664269
2026-01-28,Caterpillar,CAT,Industrials,638.9099731445312,90d,BUY,0.04895261366426888,High upside probability (61.1%),0.6106261877498598,0.2212523754997195,0.6625766871165644,UP ↑,1048.952613664269
2026-01-28,General Electric,GE,Industrials,297.4700012207031,1d,HOLD,0.0,Low confidence,0.4890342428805967,0.0219315142388064,0.5051124744376279,DOWN ↓,1000.0
2026-01-28,General Electric,GE,Industrials,297.4700012207031,7d,HOLD,0.0,Low confidence,0.4290055404818411,0.1419889190363177,0.5807770961145194,DOWN ↓,1000.0
2026-01-28,General Electric,GE,Industrials,297.4700012207031,30d,HOLD,0.0,Low confidence,0.508746889802144,0.0174937796042879,0.4744376278118609,UP ↑,1000.0
2026-01-28,General Electric,GE,Industrials,297.4700012207031,90d,HOLD,0.0,Low confidence,0.508746889802144,0.0174937796042879,0.4744376278118609,UP ↑,1000.0
2026-01-28,Honeywell,HON,Industrials,220.91000366210935,1d,HOLD,0.0,Low confidence,0.534685673986341,0.069371347972682,0.5030674846625767,UP ↑,1000.0
2026-01-28,Honeywell,HON,Industrials,220.91000366210935,7d,HOLD,0.0,Low confidence,0.5241215616064239,0.0482431232128477,0.5296523517382413,UP ↑,1000.0
2026-01-28,Honeywell,HON,Industrials,220.91000366210935,30d,HOLD,0.0,Low confidence,0.4737294538587357,0.0525410922825285,0.621676891615542,DOWN ↓,1000.0
2026-01-28,Honeywell,HON,Industrials,220.91000366210935,90d,HOLD,0.0,Low confidence,0.4737294538587357,0.0525410922825285,0.621676891615542,DOWN ↓,1000.0
2026-01-28,United Parcel Service,UPS,Industrials,107.1999969482422,1d,HOLD,0.0,Low confidence,0.5293441623548145,0.058688324709629,0.5030674846625767,UP ↑,1000.0
2026-01-28,United Parcel Service,UPS,Industrials,107.1999969482422,7d,BUY,0.025123248377791764,High upside probability (57.9%),0.5792515747127333,0.1585031494254665,0.5807770961145194,UP ↑,1025.1232483777917
2026-01-28,United Parcel Service,UPS,Industrials,107.1999969482422,30d,BUY,0.026665929506073945,High upside probability (58.2%),0.5816485295429041,0.1632970590858082,0.4989775051124744,UP ↑,1026.665929506074
2026-01-28,United Parcel Service,UPS,Industrials,107.1999969482422,90d,BUY,0.026665929506073945,High upside probability (58.2%),0.5816485295429041,0.1632970590858082,0.4989775051124744,UP ↑,1026.665929506074
2026-01-28,AMC Entertainment,AMC,Meme/Speculative,1.4500000476837158,1d,HOLD,0.0,Low confidence,0.4766295580191907,0.0467408839616184,0.5828220858895705,DOWN ↓,1000.0
2026-01-28,AMC Entertainment,AMC,Meme/Speculative,1.4500000476837158,7d,HOLD,0.0,Low confidence,0.4608224967733805,0.0783550064532389,0.6053169734151329,DOWN ↓,1000.0
2026-01-28,AMC Entertainment,AMC,Meme/Speculative,1.4500000476837158,30d,SELL,0.06071394561790087,High downside probability (62.3%),0.3767989999858961,0.2464020000282076,0.6421267893660532,DOWN ↓,1060.713945617901
2026-01-28,AMC Entertainment,AMC,Meme/Speculative,1.4500000476837158,90d,SELL,0.06071394561790087,High downside probability (62.3%),0.3767989999858961,0.2464020000282076,0.6421267893660532,DOWN ↓,1060.713945617901
2026-01-28,BlackBerry,BB,Meme/Speculative,3.799999952316284,1d,HOLD,0.0,Low confidence,0.4619806414731674,0.0760387170536651,0.523517382413088,DOWN ↓,1000.0
2026-01-28,BlackBerry,BB,Meme/Speculative,3.799999952316284,7d,HOLD,0.0,Low confidence,0.4711488313789705,0.0577023372420588,0.5521472392638037,DOWN ↓,1000.0
2026-01-28,BlackBerry,BB,Meme/Speculative,3.799999952316284,30d,HOLD,0.0,Low confidence,0.46052372848924,0.07895254302152,0.5337423312883436,DOWN ↓,1000.0
2026-01-28,BlackBerry,BB,Meme/Speculative,3.799999952316284,90d,HOLD,0.0,Low confidence,0.46052372848924,0.07895254302152,0.5337423312883436,DOWN ↓,1000.0
2026-01-28,Coinbase Global,COIN,Meme/Speculative,210.8300018310547,1d,HOLD,0.0,Low confidence,0.4788225248622296,0.0423549502755408,0.5066666666666667,DOWN ↓,1000.0
2026-01-28,Coinbase Global,COIN,Meme/Speculative,210.8300018310547,7d,HOLD,0.0,Low confidence,0.5010122780597877,0.0020245561195753,0.5555555555555556,UP ↑,1000.0
2026-01-28,Coinbase Global,COIN,Meme/Speculative,210.8300018310547,30d,HOLD,0.0,Low confidence,0.5292279774674633,0.0584559549349266,0.4933333333333333,UP ↑,1000.0
2026-01-28,Coinbase Global,COIN,Meme/Speculative,210.8300018310547,90d,HOLD,0.0,Low confidence,0.5292279774674633,0.0584559549349266,0.4933333333333333,UP ↑,1000.0
2026-01-28,GameStop,GME,Meme/Speculative,24.209999084472656,1d,HOLD,0.0,Low confidence,0.4836728477830703,0.0326543044338594,0.5153374233128835,DOWN ↓,1000.0
2026-01-28,GameStop,GME,Meme/Speculative,24.209999084472656,7d,SELL,0.06180663563793529,High downside probability (62.4%),0.3756952981199672,0.2486094037600655,0.5132924335378323,DOWN ↓,1061.8066356379352
2026-01-28,GameStop,GME,Meme/Speculative,24.209999084472656,30d,SELL,0.029213555868733407,High downside probability (58.5%),0.4145401324177052,0.1709197351645894,0.5276073619631901,DOWN ↓,1029.2135558687335
2026-01-28,GameStop,GME,Meme/Speculative,24.209999084472656,90d,SELL,0.029213555868733407,High downside probability (58.5%),0.4145401324177052,0.1709197351645894,0.5276073619631901,DOWN ↓,1029.2135558687335
2026-01-28,Lucid Group,LCID,Meme/Speculative,11.0,1d,HOLD,0.0,Low confidence,0.4384739760981312,0.1230520478037374,0.541501976284585,DOWN ↓,1000.0
2026-01-28,Lucid Group,LCID,Meme/Speculative,11.0,7d,HOLD,0.0,Low confidence,0.4651148121124298,0.0697703757751404,0.5731225296442688,DOWN ↓,1000.0
2026-01-28,Lucid Group,LCID,Meme/Speculative,11.0,30d,HOLD,0.0,Low confidence,0.42881928079265,0.1423614384146999,0.6205533596837944,DOWN ↓,1000.0
2026-01-28,Lucid Group,LCID,Meme/Speculative,11.0,90d,HOLD,0.0,Low confidence,0.42881928079265,0.1423614384146999,0.6205533596837944,DOWN ↓,1000.0
2026-01-28,Marathon Digital,MARA,Meme/Speculative,10.520000457763672,1d,SELL,0.040896387785421054,High downside probability (60.1%),0.3988857233307024,0.2022285533385952,0.5521472392638037,DOWN ↓,1040.8963877854212
2026-01-28,Marathon Digital,MARA,Meme/Speculative,10.520000457763672,7d,SELL,0.03700164399169545,High downside probability (59.6%),0.4038209430389138,0.1923581139221724,0.556237218813906,DOWN ↓,1037.0016439916953
2026-01-28,Marathon Digital,MARA,Meme/Speculative,10.520000457763672,30d,SELL,0.028138298167368694,High downside probability (58.4%),0.4161276294490124,0.1677447411019752,0.5480572597137015,DOWN ↓,1028.1382981673687
2026-01-28,Marathon Digital,MARA,Meme/Speculative,10.520000457763672,90d,SELL,0.028138298167368694,High downside probability (58.4%),0.4161276294490124,0.1677447411019752,0.5480572597137015,DOWN ↓,1028.1382981673687
2026-01-28,NIO Inc,NIO,Meme/Speculative,4.639999866485596,1d,HOLD,0.0,Low confidence,0.4499682561155681,0.1000634877688637,0.523943661971831,DOWN ↓,1000.0
2026-01-28,NIO Inc,NIO,Meme/Speculative,4.639999866485596,7d,HOLD,0.0,Low confidence,0.4547835833033173,0.0904328333933652,0.532394366197183,DOWN ↓,1000.0
2026-01-28,NIO Inc,NIO,Meme/Speculative,4.639999866485596,30d,SELL,0.11394214991895374,High downside probability (66.9%),0.3312234095624087,0.3375531808751826,0.6112676056338028,DOWN ↓,1113.9421499189536
2026-01-28,NIO Inc,NIO,Meme/Speculative,4.639999866485596,90d,SELL,0.11394214991895374,High downside probability (66.9%),0.3312234095624087,0.3375531808751826,0.6112676056338028,DOWN ↓,1113.9421499189536
2026-01-28,Palantir Technologies,PLTR,Meme/Speculative,165.6999969482422,1d,HOLD,0.0,Low confidence,0.5527246161710047,0.1054492323420093,0.5515873015873016,UP ↑,1000.0
2026-01-28,Palantir Technologies,PLTR,Meme/Speculative,165.6999969482422,7d,BUY,0.043206683844254426,High upside probability (60.4%),0.6039310875583606,0.2078621751167211,0.6190476190476191,UP ↑,1043.2066838442545
2026-01-28,Palantir Technologies,PLTR,Meme/Speculative,165.6999969482422,30d,BUY,0.20524832206812701,High upside probability (72.7%),0.726521699881119,0.453043399762238,0.7142857142857143,UP ↑,1205.248322068127
2026-01-28,Palantir Technologies,PLTR,Meme/Speculative,165.6999969482422,90d,BUY,0.20524832206812701,High upside probability (72.7%),0.726521699881119,0.453043399762238,0.7142857142857143,UP ↑,1205.248322068127
2026-01-28,Plug Power,PLUG,Meme/Speculative,2.4100000858306885,1d,HOLD,0.0,Low confidence,0.4484899045327887,0.1030201909344225,0.5869120654396728,DOWN ↓,1000.0
2026-01-28,Plug Power,PLUG,Meme/Speculative,2.4100000858306885,7d,HOLD,0.0,Low confidence,0.4793851046243952,0.0412297907512095,0.5787321063394683,DOWN ↓,1000.0
2026-01-28,Plug Power,PLUG,Meme/Speculative,2.4100000858306885,30d,HOLD,0.0,Low confidence,0.4455765884648219,0.1088468230703562,0.591002044989775,DOWN ↓,1000.0
2026-01-28,Plug Power,PLUG,Meme/Speculative,2.4100000858306885,90d,HOLD,0.0,Low confidence,0.4455765884648219,0.1088468230703562,0.591002044989775,DOWN ↓,1000.0
2026-01-28,Riot Platforms,RIOT,Meme/Speculative,17.549999237060547,1d,HOLD,0.0,Low confidence,0.457847525087549,0.084304949824902,0.5188284518828452,DOWN ↓,1000.0
2026-01-28,Riot Platforms,RIOT,Meme/Speculative,17.549999237060547,7d,HOLD,0.0,Low confidence,0.5042877784081405,0.008575556816281,0.4916317991631799,UP ↑,1000.0
2026-01-28,Riot Platforms,RIOT,Meme/Speculative,17.549999237060547,30d,SELL,0.02826647173997776,High downside probability (58.4%),0.4159368217648509,0.1681263564702981,0.4623430962343096,DOWN ↓,1028.2664717399778
2026-01-28,Riot Platforms,RIOT,Meme/Speculative,17.549999237060547,90d,SELL,0.02826647173997776,High downside probability (58.4%),0.4159368217648509,0.1681263564702981,0.4623430962343096,DOWN ↓,1028.2664717399778
2026-01-28,Rivian Automotive,RIVN,Meme/Speculative,15.270000457763672,1d,HOLD,0.0,Low confidence,0.4387398955106464,0.122520208978707,0.5076923076923077,DOWN ↓,1000.0
2026-01-28,Rivian Automotive,RIVN,Meme/Speculative,15.270000457763672,7d,HOLD,0.0,Low confidence,0.4873810377025198,0.0252379245949604,0.4256410256410256,DOWN ↓,1000.0
2026-01-28,Rivian Automotive,RIVN,Meme/Speculative,15.270000457763672,30d,SELL,0.04745611282336295,High downside probability (60.9%),0.3910778800893008,0.2178442398213984,0.3897435897435897,DOWN ↓,1047.4561128233631
2026-01-28,Rivian Automotive,RIVN,Meme/Speculative,15.270000457763672,90d,SELL,0.04745611282336295,High downside probability (60.9%),0.3910778800893008,0.2178442398213984,0.3897435897435897,DOWN ↓,1047.4561128233631
2026-01-28,Robinhood Markets,HOOD,Meme/Speculative,105.23999786376952,1d,HOLD,0.0,Low confidence,0.4423634397878146,0.1152731204243706,0.5761904761904761,DOWN ↓,1000.0
2026-01-28,Robinhood Markets,HOOD,Meme/Speculative,105.23999786376952,7d,HOLD,0.0,Low confidence,0.5672257092966296,0.1344514185932592,0.5904761904761905,UP ↑,1000.0
2026-01-28,Robinhood Markets,HOOD,Meme/Speculative,105.23999786376952,30d,HOLD,0.0,Low confidence,0.5010690370558145,0.002138074111629,0.4857142857142857,UP ↑,1000.0
2026-01-28,Robinhood Markets,HOOD,Meme/Speculative,105.23999786376952,90d,HOLD,0.0,Low confidence,0.5010690370558145,0.002138074111629,0.4857142857142857,UP ↑,1000.0
2026-01-28,SoFi Technologies,SOFI,Meme/Speculative,25.459999084472656,1d,HOLD,0.0,Low confidence,0.5105568216291964,0.0211136432583927,0.4686192468619247,UP ↑,1000.0
2026-01-28,SoFi Technologies,SOFI,Meme/Speculative,25.459999084472656,7d,HOLD,0.0,Low confidence,0.4826784833611858,0.0346430332776284,0.4435146443514644,DOWN ↓,1000.0
2026-01-28,SoFi Technologies,SOFI,Meme/Speculative,25.459999084472656,30d,HOLD,0.0,Low confidence,0.4281017175795218,0.1437965648409562,0.3598326359832636,DOWN ↓,1000.0
2026-01-28,SoFi Technologies,SOFI,Meme/Speculative,25.459999084472656,90d,HOLD,0.0,Low confidence,0.4281017175795218,0.1437965648409562,0.3598326359832636,DOWN ↓,1000.0
2026-01-28,Tilray Brands,TLRY,Meme/Speculative,8.420000076293945,1d,SELL,0.03054922026347943,High downside probability (58.7%),0.4126083238181698,0.1747833523636602,0.5966850828729282,DOWN ↓,1030.5492202634794
2026-01-28,Tilray Brands,TLRY,Meme/Speculative,8.420000076293945,7d,HOLD,0.0,Low confidence,0.4346918245442229,0.1306163509115542,0.6243093922651933,DOWN ↓,1000.0
2026-01-28,Tilray Brands,TLRY,Meme/Speculative,8.420000076293945,30d,SELL,0.06269792041714517,High downside probability (62.5%),0.3748022360252137,0.2503955279495725,0.6657458563535912,DOWN ↓,1062.6979204171453
2026-01-28,Tilray Brands,TLRY,Meme/Speculative,8.420000076293945,90d,SELL,0.06269792041714517,High downside probability (62.5%),0.3748022360252137,0.2503955279495725,0.6657458563535912,DOWN ↓,1062.6979204171453
2026-01-28,Virgin Galactic,SPCE,Meme/Speculative,3.150000095367432,1d,HOLD,0.0,Low confidence,0.4452042397984728,0.1095915204030544,0.5870646766169154,DOWN ↓,1000.0
2026-01-28,Virgin Galactic,SPCE,Meme/Speculative,3.150000095367432,7d,HOLD,0.0,Low confidence,0.4741504139819965,0.0516991720360069,0.572139303482587,DOWN ↓,1000.0
2026-01-28,Virgin Galactic,SPCE,Meme/Speculative,3.150000095367432,30d,HOLD,0.0,Low confidence,0.4348324724489801,0.1303350551020397,0.654228855721393,DOWN ↓,1000.0
2026-01-28,Virgin Galactic,SPCE,Meme/Speculative,3.150000095367432,90d,HOLD,0.0,Low confidence,0.4348324724489801,0.1303350551020397,0.654228855721393,DOWN ↓,1000.0
2026-01-28,AstraZeneca,AZN.L,Pharma,13880.0,1d,HOLD,0.0,Low confidence,0.5296620890694306,0.0593241781388611,0.5203252032520326,UP ↑,1000.0
2026-01-28,AstraZeneca,AZN.L,Pharma,13880.0,7d,HOLD,0.0,Low confidence,0.5413080623805737,0.0826161247611474,0.5670731707317073,UP ↑,1000.0
2026-01-28,AstraZeneca,AZN.L,Pharma,13880.0,30d,HOLD,0.0,Low confidence,0.5304203865596919,0.0608407731193838,0.5284552845528455,UP ↑,1000.0
2026-01-28,AstraZeneca,AZN.L,Pharma,13880.0,90d,HOLD,0.0,Low confidence,0.5304203865596919,0.0608407731193838,0.5284552845528455,UP ↑,1000.0
2026-01-28,GSK,GSK.L,Pharma,1862.5,1d,HOLD,0.0,Low confidence,0.5038167938931297,0.0076335877862594,0.508130081300813,UP ↑,1000.0
2026-01-28,GSK,GSK.L,Pharma,1862.5,7d,SELL,0.047719437484328955,High downside probability (60.9%),0.3907761043952275,0.2184477912095449,0.5589430894308943,DOWN ↓,1047.719437484329
2026-01-28,GSK,GSK.L,Pharma,1862.5,30d,HOLD,0.0,Low confidence,0.4630548944201859,0.0738902111596281,0.5345528455284553,DOWN ↓,1000.0
2026-01-28,GSK,GSK.L,Pharma,1862.5,90d,HOLD,0.0,Low confidence,0.4630548944201859,0.0738902111596281,0.5345528455284553,DOWN ↓,1000.0
2026-01-28,Johnson & Johnson,JNJ,Pharma,224.44000244140625,1d,HOLD,0.0,Low confidence,0.5702174358651025,0.140434871730205,0.5480572597137015,UP ↑,1000.0
2026-01-28,Johnson & Johnson,JNJ,Pharma,224.44000244140625,7d,HOLD,0.0,Low confidence,0.4877872811947626,0.0244254376104746,0.50920245398773,DOWN ↓,1000.0
2026-01-28,Johnson & Johnson,JNJ,Pharma,224.44000244140625,30d,HOLD,0.0,Low confidence,0.4945504522404096,0.0108990955191806,0.5460122699386503,DOWN ↓,1000.0
2026-01-28,Johnson & Johnson,JNJ,Pharma,224.44000244140625,90d,HOLD,0.0,Low confidence,0.4945504522404096,0.0108990955191806,0.5460122699386503,DOWN ↓,1000.0
2026-01-28,Moderna,MRNA,Pharma,45.45000076293945,1d,HOLD,0.0,Low confidence,0.4581239348287858,0.0837521303424283,0.5102040816326531,DOWN ↓,1000.0
2026-01-28,Moderna,MRNA,Pharma,45.45000076293945,7d,HOLD,0.0,Low confidence,0.5297693097455168,0.0595386194910336,0.4402332361516035,UP ↑,1000.0
2026-01-28,Moderna,MRNA,Pharma,45.45000076293945,30d,HOLD,0.0,Low confidence,0.5250495028983504,0.0500990057967007,0.4256559766763848,UP ↑,1000.0
2026-01-28,Moderna,MRNA,Pharma,45.45000076293945,90d,HOLD,0.0,Low confidence,0.5250495028983504,0.0500990057967007,0.4256559766763848,UP ↑,1000.0
2026-01-28,Pfizer,PFE,Pharma,26.5,1d,HOLD,0.0,Low confidence,0.5122793278490689,0.0245586556981378,0.4907975460122699,UP ↑,1000.0
2026-01-28,Pfizer,PFE,Pharma,26.5,7d,HOLD,0.0,Low confidence,0.5080663014154938,0.0161326028309876,0.4989775051124744,UP ↑,1000.0
2026-01-28,Pfizer,PFE,Pharma,26.5,30d,BUY,0.05039541681177934,High upside probability (61.2%),0.6122446177014508,0.2244892354029015,0.5869120654396728,UP ↑,1050.3954168117793
2026-01-28,Pfizer,PFE,Pharma,26.5,90d,BUY,0.05039541681177934,High upside probability (61.2%),0.6122446177014508,0.2244892354029015,0.5869120654396728,UP ↑,1050.3954168117793
2026-01-28,Advanced Micro Devices,AMD,Semiconductors,252.02999877929688,1d,HOLD,0.0,Low confidence,0.4894293943653482,0.0211412112693034,0.5255623721881391,DOWN ↓,1000.0
2026-01-28,Advanced Micro Devices,AMD,Semiconductors,252.02999877929688,7d,HOLD,0.0,Low confidence,0.4680233608678826,0.0639532782642346,0.5439672801635992,DOWN ↓,1000.0
2026-01-28,Advanced Micro Devices,AMD,Semiconductors,252.02999877929688,30d,SELL,0.05633864635276284,High downside probability (61.9%),0.381321183068794,0.237357633862412,0.5787321063394683,DOWN ↓,1056.338646352763
2026-01-28,Advanced Micro Devices,AMD,Semiconductors,252.02999877929688,90d,SELL,0.05633864635276284,High downside probability (61.9%),0.381321183068794,0.237357633862412,0.5787321063394683,DOWN ↓,1056.338646352763
2026-01-28,Broadcom,AVGO,Semiconductors,332.7900085449219,1d,HOLD,0.0,Low confidence,0.5389702235656331,0.0779404471312661,0.5521472392638037,UP ↑,1000.0
2026-01-28,Broadcom,AVGO,Semiconductors,332.7900085449219,7d,BUY,0.024912095770378787,High upside probability (57.9%),0.5789178303211302,0.1578356606422604,0.5501022494887525,UP ↑,1024.9120957703788
2026-01-28,Broadcom,AVGO,Semiconductors,332.7900085449219,30d,BUY,0.11518087352252751,High upside probability (67.0%),0.6696915389188037,0.3393830778376074,0.656441717791411,UP ↑,1115.1808735225275
2026-01-28,Broadcom,AVGO,Semiconductors,332.7900085449219,90d,BUY,0.11518087352252751,High upside probability (67.0%),0.6696915389188037,0.3393830778376074,0.656441717791411,UP ↑,1115.1808735225275
2026-01-28,Intel,INTC,Semiconductors,43.93000030517578,1d,HOLD,0.0,Low confidence,0.5069083340039631,0.0138166680079261,0.5194274028629857,UP ↑,1000.0
2026-01-28,Intel,INTC,Semiconductors,43.93000030517578,7d,HOLD,0.0,Low confidence,0.5273850039332284,0.0547700078664568,0.4580777096114519,UP ↑,1000.0
2026-01-28,Intel,INTC,Semiconductors,43.93000030517578,30d,HOLD,0.0,Low confidence,0.5439297767025084,0.0878595534050168,0.4969325153374233,UP ↑,1000.0
2026-01-28,Intel,INTC,Semiconductors,43.93000030517578,90d,HOLD,0.0,Low confidence,0.5439297767025084,0.0878595534050168,0.4969325153374233,UP ↑,1000.0
2026-01-28,Qualcomm,QCOM,Semiconductors,153.0399932861328,1d,HOLD,0.0,Low confidence,0.4992813933186268,0.0014372133627463,0.5214723926380368,DOWN ↓,1000.0
2026-01-28,Qualcomm,QCOM,Semiconductors,153.0399932861328,7d,HOLD,0.0,Low confidence,0.533338091148882,0.0666761822977639,0.5766871165644172,UP ↑,1000.0
2026-01-28,Qualcomm,QCOM,Semiconductors,153.0399932861328,30d,HOLD,0.0,Low confidence,0.5375881859698134,0.0751763719396267,0.5685071574642127,UP ↑,1000.0
2026-01-28,Qualcomm,QCOM,Semiconductors,153.0399932861328,90d,HOLD,0.0,Low confidence,0.5375881859698134,0.0751763719396267,0.5685071574642127,UP ↑,1000.0
2026-01-28,Taiwan Semiconductor,TSM,Semiconductors,338.3399963378906,1d,HOLD,0.0,Low confidence,0.4877272142201089,0.0245455715597822,0.5194274028629857,DOWN ↓,1000.0
2026-01-28,Taiwan Semiconductor,TSM,Semiconductors,338.3399963378906,7d,HOLD,0.0,Low confidence,0.5223176158618975,0.044635231723795,0.5991820040899796,UP ↑,1000.0
2026-01-28,Taiwan Semiconductor,TSM,Semiconductors,338.3399963378906,30d,BUY,0.02653778894983716,High upside probability (58.1%),0.5814521162245604,0.1629042324491207,0.7034764826175869,UP ↑,1026.5377889498372
2026-01-28,Taiwan Semiconductor,TSM,Semiconductors,338.3399963378906,90d,BUY,0.02653778894983716,High upside probability (58.1%),0.5814521162245604,0.1629042324491207,0.7034764826175869,UP ↑,1026.5377889498372
2026-01-28,Alphabet,GOOGL,Technology,334.54998779296875,1d,HOLD,0.0,Low confidence,0.5410916969104501,0.0821833938209002,0.5685071574642127,UP ↑,1000.0
2026-01-28,Alphabet,GOOGL,Technology,334.54998779296875,7d,HOLD,0.0,Low confidence,0.5354637382615963,0.0709274765231926,0.5869120654396728,UP ↑,1000.0
2026-01-28,Alphabet,GOOGL,Technology,334.54998779296875,30d,BUY,0.04009983144671091,High upside probability (60.0%),0.6001247115435432,0.2002494230870863,0.6952965235173824,UP ↑,1040.0998314467108
2026-01-28,Alphabet,GOOGL,Technology,334.54998779296875,90d,BUY,0.04009983144671091,High upside probability (60.0%),0.6001247115435432,0.2002494230870863,0.6952965235173824,UP ↑,1040.0998314467108
2026-01-28,Amazon,AMZN,Technology,244.67999267578125,1d,HOLD,0.0,Low confidence,0.5164792644611357,0.0329585289222713,0.5255623721881391,UP ↑,1000.0
2026-01-28,Amazon,AMZN,Technology,244.67999267578125,7d,HOLD,0.0,Low confidence,0.5161730547961969,0.0323461095923938,0.5337423312883436,UP ↑,1000.0
2026-01-28,Amazon,AMZN,Technology,244.67999267578125,30d,BUY,0.0546926852391038,High upside probability (61.7%),0.6169323364590649,0.2338646729181297,0.65439672801636,UP ↑,1054.6926852391039
2026-01-28,Amazon,AMZN,Technology,244.67999267578125,90d,BUY,0.0546926852391038,High upside probability (61.7%),0.6169323364590649,0.2338646729181297,0.65439672801636,UP ↑,1054.6926852391039
2026-01-28,Apple,AAPL,Technology,258.2699890136719,1d,HOLD,0.0,Low confidence,0.5569749410091691,0.1139498820183382,0.5296523517382413,UP ↑,1000.0
2026-01-28,Apple,AAPL,Technology,258.2699890136719,7d,HOLD,0.0,Low confidence,0.5595998849676563,0.1191997699353126,0.556237218813906,UP ↑,1000.0
2026-01-28,Apple,AAPL,Technology,258.2699890136719,30d,BUY,0.07650060790154808,High upside probability (63.8%),0.6382937163264731,0.2765874326529463,0.6319018404907976,UP ↑,1076.500607901548
2026-01-28,Apple,AAPL,Technology,258.2699890136719,90d,BUY,0.07650060790154808,High upside probability (63.8%),0.6382937163264731,0.2765874326529463,0.6319018404907976,UP ↑,1076.500607901548
2026-01-28,Microsoft,MSFT,Technology,480.5799865722656,1d,HOLD,0.0,Low confidence,0.5520817089550726,0.1041634179101451,0.5419222903885481,UP ↑,1000.0
2026-01-28,Microsoft,MSFT,Technology,480.5799865722656,7d,BUY,0.037674216707469996,High upside probability (59.7%),0.5970492358386582,0.1940984716773164,0.5848670756646217,UP ↑,1037.67421670747
2026-01-28,Microsoft,MSFT,Technology,480.5799865722656,30d,BUY,0.05022157901786254,High upside probability (61.2%),0.6120508578925911,0.2241017157851821,0.5541922290388548,UP ↑,1050.2215790178627
2026-01-28,Microsoft,MSFT,Technology,480.5799865722656,90d,BUY,0.05022157901786254,High upside probability (61.2%),0.6120508578925911,0.2241017157851821,0.5541922290388548,UP ↑,1050.2215790178627
2026-01-28,NVIDIA,NVDA,Technology,188.5200042724609,1d,HOLD,0.0,Low confidence,0.5544785031554994,0.1089570063109988,0.5460122699386503,UP ↑,1000.0
2026-01-28,NVIDIA,NVDA,Technology,188.5200042724609,7d,BUY,0.03194279475978256,High upside probability (58.9%),0.5893627365849191,0.1787254731698382,0.6094069529652352,UP ↑,1031.9427947597826
2026-01-28,NVIDIA,NVDA,Technology,188.5200042724609,30d,BUY,0.13101735104821402,High upside probability (68.1%),0.6809815950920245,0.361963190184049,0.6339468302658486,UP ↑,1131.017351048214
2026-01-28,NVIDIA,NVDA,Technology,188.5200042724609,90d,BUY,0.13101735104821402,High upside probability (68.1%),0.6809815950920245,0.361963190184049,0.6339468302658486,UP ↑,1131.017351048214
