Ticker,Earnings_Date,Days_Until,Warning
COP,2026-11-05,32,False
MS,2026-10-14,10,False
CAT,2026-10-29,25,False
BLK,2026-10-14,10,False
QCOM,2026-11-04,31,False
STAN.L,2026-10-28,24,False
NOC,2026-10-20,16,False
PEP,2026-10-08,4,True
JNJ,2026-10-13,9,False
AZN.L,2026-10-30,26,False
BARC.L,2026-10-22,18,False
BA.L,2026-07-30,-66,False
HSBA.L,2026-10-27,23,False
NWG.L,2026-10-30,26,False
RR.L,2026-07-30,-66,False
LLOY.L,2026-10-29,25,False
PLUG,2026-11-09,36,False
MARA,2026-11-04,31,False
GSK.L,2026-10-28,24,False
