Ticker,Stock,Sector,Current_Price,Volatility_Daily,Volatility_Annual,ATR,ATR_Pct,Max_Drawdown,Price_Change_30d,Beta,Risk_Score
BA.L,BAE Systems,Defence,,0.01604184969700159,0.25465646920645835,,,-0.4127601058327371,,1.0,
GSK.L,GSK,Pharma,,0.013646404321420879,0.2166299527483007,,,-0.35438991553824467,,1.0,
LLOY.L,Lloyds Banking,Banking,,0.018418077309064276,0.29237791312647476,,,-0.6715680486453606,,1.0,
HSBA.L,HSBC,Banking,,0.015806902777118336,0.2509268024785882,,,-0.6436211833556685,,1.0,
RR.L,Rolls-Royce,Defence,,0.03053914172949549,0.4847938456176003,,,-0.8961406384521912,,1.0,
NWG.L,NatWest Group,Banking,,0.02043349710305168,0.32437171050020097,,,-0.6910311499947162,,1.0,
BARC.L,Barclays,Banking,,0.02097074817026191,0.33290030679285487,,,-0.6643501581626514,,1.0,
AZN.L,AstraZeneca,Pharma,,0.015588668476602252,0.24746244035832998,,,-0.2717394399782711,,1.0,
STAN.L,Standard Chartered,Banking,,0.020264185232497203,0.32168396787921116,,,-0.6031865589175247,,1.0,
GME,GameStop,Meme/Speculative,23.76000022888184,0.07430476945772448,1.1795516472667602,0.9985719408307749,4.20274381823004,-0.8847802946955914,0.2913043870367047,1.0,77.24123464230958
UPS,United Parcel Service,Industrials,93.93000030517578,0.017649542842246128,0.2801778066873801,2.280000414167133,2.4273399411896937,-0.5791771957584491,-0.07929814354135689,1.0,35.601022982788535
BAC,Bank of America,Financials,54.959999084472656,0.01920269280257846,0.30483329795035524,1.3292852129255028,2.4186412574032476,-0.4894678088880656,-0.1353825236467887,1.0,33.54789811692736
WMT,Walmart,Consumer Staples,106.8000030517578,0.013940324836626404,0.22129579627902352,2.037144252232141,1.907438383915488,-0.25739658123121784,-0.06362560997993805,1.0,22.06599800066832
AMZN,Amazon,Technology,246.6699981689453,0.02087359844240331,0.3313581026737461,5.221423557826455,2.1167647450381377,-0.5614526325328257,-0.0560254086197588,1.0,35.139406150718365
HON,Honeywell,Industrials,210.1300048828125,0.01515773660131891,0.24062160891426743,4.278572082519539,2.036154753294589,-0.4301034312059694,-0.08420131759595428,1.0,28.343357320736352
MS,Morgan Stanley,Financials,192.75999450683597,0.019784638735635695,0.31407140324248456,5.077855791364385,2.6342892384676357,-0.5132584635623518,-0.11663082087891197,1.0,35.44796827993174
AMD,Advanced Micro Devices,Semiconductors,607.5700073242188,0.03595339400127354,0.5707424358965476,26.04141889299665,4.286159385596551,-0.6544994295506881,0.20073123977118335,1.0,53.896522654403526
AMC,AMC Entertainment,Meme/Speculative,3.0799999237060547,0.08962566485472047,1.4227633217664737,0.2021428516932897,6.563079763003967,-0.9984812150470358,0.26229502109711245,1.0,97.54838637136302
OXY,Occidental Petroleum,Energy,54.93999862670898,0.030874766819739236,0.49012172875283166,1.6378574371337886,2.981174878183465,-0.8838876864585941,-0.0651744923890818,1.0,52.93458379434304
PLUG,Plug Power,Meme/Speculative,1.909999966621399,0.05650753184371752,0.8970292587632384,0.0964285986764091,5.048617819977335,-0.9904345451604273,-0.1622807058821315,1.0,76.27623063078913
SLB,Schlumberger,Energy,49.869998931884766,0.025727310236355085,0.4084083887280116,1.7314284188406812,3.471883809754163,-0.8428504737857241,-0.06927669735469288,1.0,51.56613407072979
JPM,JPMorgan Chase,Financials,334.9800109863281,0.017243480122625335,0.27373176085051315,7.092145647321429,2.1171847318408763,-0.4362650883006653,-0.07197468163721199,1.0,29.791039835752095
RTX,Raytheon Technologies,Defence,186.94000244140625,0.017612257962693362,0.27958592757362244,3.743574959891187,2.002554247887398,-0.5198196150004177,-0.15656017435390246,1.0,31.96824631239601
QCOM,Qualcomm,Semiconductors,184.1000061035156,0.02519787561986167,0.400003874743749,10.37357221330915,5.634748435302226,-0.4428842247690476,0.14133663541950936,1.0,48.650294989402695
MARA,Marathon Digital,Meme/Speculative,11.989999771118164,0.09139042698159357,1.4507780520318236,0.833571229662214,6.952220563591192,-0.991007194018052,0.23353903721478453,1.0,99.77543830821199
GS,Goldman Sachs,Financials,916.239990234375,0.019011923482873252,0.3018049288840295,27.060001918247753,2.953374902499702,-0.48748788725408954,-0.12420951376826961,1.0,35.712379242486016
TSM,Taiwan Semiconductor,Semiconductors,456.9400024414063,0.02193270653849354,0.34817092247648523,10.383271888060003,2.2723490682765197,-0.5646656578530055,0.06310379096750762,1.0,36.37086921808146
MMM,3M Company,Industrials,168.49000549316406,0.01686790124627573,0.26776963102345236,3.478571210588728,2.0645564111693613,-0.5909734255343302,-0.06094235382482249,1.0,34.04786534805272
PFE,Pfizer,Pharma,28.71999931335449,0.015135479998877112,0.24026829630372604,0.4457144056047707,1.5519304187361813,-0.5896198648362561,0.06884995967026075,1.0,31.036878818388253
NVDA,NVIDIA,Technology,227.2100067138672,0.03153592750219128,0.5006173292073628,5.3728572300502195,2.364709771263037,-0.6633509073808359,0.010907296398932953,1.0,43.937644699177795
COST,Costco,Consumer Staples,924.5900268554688,0.013886576798019815,0.2204425726173603,14.433576311383929,1.5610785204413822,-0.314024468148685,-0.030319845982728078,1.0,22.249293104841698
MSFT,Microsoft,Technology,508.9599914550781,0.017494969760150327,0.2777240350797186,11.735000610351562,2.3056823340479244,-0.3714849505313745,0.06155532332637437,1.0,28.76815106841507
PEP,PepsiCo,Consumer Staples,128.69000244140625,0.012550126779059268,0.19922708627833732,2.184288024902343,1.6973253426557897,-0.3032268220859665,-0.059137965829077155,1.0,21.92785800513749
COP,ConocoPhillips,Energy,125.44000244140624,0.02366668850245305,0.3756970328035346,3.707142966134209,2.9553116182900565,-0.706610198848863,-0.016619592017581564,1.0,44.34171469272661
AVGO,Broadcom,Semiconductors,355.1000061035156,0.02514631662108793,0.3991854010121322,9.907899835586452,2.7901716883379013,-0.48299963811341956,-0.09347750228988938,1.0,37.55819482100242
NOC,Northrop Grumman,Defence,504.6099853515625,0.016234167475799914,0.25770941929883856,10.891433715820304,2.1583864830245534,-0.36384073550879176,-0.11100499244020956,1.0,27.351038215172615
AAPL,Apple,Technology,329.3999938964844,0.018354683230909698,0.29137156333412756,6.784999302455357,2.059805533751035,-0.38515913353537284,0.0779148461792809,1.0,28.494282469520805
XOM,Exxon Mobil,Energy,161.35000610351562,0.017880752205753053,0.28384814154715327,3.821427481515067,2.368408637718547,-0.6100656626616183,-0.0006812870418524408,1.0,36.375984357511626
GE,General Electric,Industrials,317.8900146484375,0.023062030145833533,0.3660983789649011,8.673579624720986,2.7284844521817755,-0.8094354538522519,-0.1395121648192118,1.0,46.18771877079554
KO,Coca-Cola,Consumer Staples,86.83999633789062,0.011605468192984008,0.18423109612263508,1.160313253829847,1.3361507401671449,-0.3698751459046337,0.004347915475640729,1.0,21.958359341396232
PG,Procter & Gamble,Consumer Staples,148.32000732421875,0.012091699738993142,0.19194978262464285,2.244997297014509,1.5136173045805466,-0.23772470214099475,0.03633323354136131,1.0,18.966428762670446
JNJ,Johnson & Johnson,Pharma,267.57000732421875,0.01186591730549359,0.1883655976079621,5.015716552734375,1.8745436392116823,-0.2736625561005845,0.024849017790109285,1.0,21.50484106993656
CAT,Caterpillar,Industrials,826.6400146484375,0.019810947294188884,0.31448903866219047,20.671434674944198,2.5006573972511568,-0.433588813406463,-0.06239438353351623,1.0,32.48911416938253
INTC,Intel,Semiconductors,115.93000030517578,0.028983299770345024,0.4600956201982104,6.857857840401787,5.915516106572126,-0.7079731798426203,0.12020487678221659,1.0,59.48343438675578
BLK,BlackRock,Financials,1067.93994140625,0.017551449401837945,0.27862062159597945,24.027147565569198,2.2498594381562835,-0.4390170647699202,-0.06423933648706137,1.0,30.58103115897439
LMT,Lockheed Martin,Defence,512.2100219726562,0.015313217178786576,0.24308978656434838,11.320000784737724,2.210031100356336,-0.3667430007784421,-0.13198004931094076,1.0,27.258009890659878
GOOGL,Alphabet,Technology,340.9200134277344,0.01865827035272153,0.29619085948746343,8.486432756696432,2.489273853820061,-0.4432005798963239,-0.008316414336822286,1.0,32.224277229071575
CVX,Chevron,Energy,204.3800048828125,0.018464067061502287,0.2931079778133252,4.589285714285722,2.2454670734141184,-0.5577393223286855,0.017087652211972948,1.0,34.528599602464865
RIOT,Riot Platforms,Meme/Speculative,21.38999938964844,0.07089336155160615,1.1253972256256282,1.3905714579990935,6.501035519767486,-0.983160621713653,0.06736519024183751,1.0,88.62153483739306
BB,BlackBerry,Meme/Speculative,8.720000267028809,0.03834427909096533,0.6086965600604886,0.5321429116385323,6.102556139254007,-0.9159362604371291,-0.0011453924091453516,1.0,70.63606372408722
SPCE,Virgin Galactic,Meme/Speculative,3.039999961853028,0.05496149234371521,0.8724866425587059,0.17649999686649867,5.805921022410584,-0.9981737079906847,-0.028754041309025924,1.0,79.09997466017043
TLRY,Tilray Brands,Meme/Speculative,3.950000047683716,0.06946460565138393,1.1027164288484028,0.14714275087629045,3.7251328886078143,-0.9983182286553317,-0.11830356453868507,1.0,76.4731268056995
NIO,NIO Inc,Meme/Speculative,3.400000095367432,0.053730688207757824,0.852948232620468,0.11142863546098979,3.2773127157500235,-0.9500318253138185,-0.26086952916165074,1.0,66.2034500131548
MRNA,Moderna,Pharma,203.4600067138672,0.060819992506921536,0.9654874494847574,12.690926688058031,6.237553459784221,-0.953846470258196,2.1563761961466943,1.0,82.19486485260879
LCID,Lucid Group,Meme/Speculative,4.070000171661377,0.0554774241981546,0.880676806840524,0.2392857074737549,5.8792554639150865,-0.993281653582485,-0.3456591143171128,1.0,79.49525462509266
PLTR,Palantir Technologies,Meme/Speculative,186.97000122070312,0.044094230525555264,0.6999742093402328,5.773714338030138,3.0880431621833977,-0.8461538461538463,0.08356996762625335,1.0,58.0479305754815
SOFI,SoFi Technologies,Meme/Speculative,15.90999984741211,0.04503928241990418,0.7149764430712191,0.6021426064627511,3.784680152342644,-0.8332040311790085,-0.13107589778986106,1.0,61.078583639715646
COIN,Coinbase Global,Meme/Speculative,190.0200042724609,0.053395107109467856,0.847621047835853,11.600715637207033,6.104997040508063,-0.9089789936876203,0.26217203866235494,1.0,77.02504673003058
HOOD,Robinhood Markets,Meme/Speculative,116.22000122070312,0.04653848944168011,0.7387756167317446,5.772859300885876,4.9671822752119486,-0.9021167789994491,0.20748053216314943,1.0,68.90798296269539
RIVN,Rivian Automotive,Meme/Speculative,14.970000267028809,0.048383169078037636,0.7680589981300671,0.679500034877232,4.539078308327222,-0.9511656305634236,0.006724975268280975,1.0,69.3417303775432
