Ticker,Stock,Sector,Current_Price,Stop_Loss,Stop_Loss_Pct,ATR_Pct
BARC.L,Barclays,Banking,443.6499938964844,419.48313249860496,-5.447280903945691,2.723640451972848
RR.L,Rolls-Royce,Defence,1477.199951171875,1403.4840785435267,-4.990243370226818,2.4951216851134066
GSK.L,GSK,Pharma,1779.5,1696.2271379743304,-4.679565160194977,2.3397825800974883
BA.L,BAE Systems,Defence,1921.0,1830.858851841518,-4.692407504345763,2.3462037521728827
STAN.L,Standard Chartered,Banking,2190.0,2068.425851004464,-5.551331004362364,2.7756655021811802
NWG.L,NatWest Group,Banking,662.7999877929688,626.0748465401786,-5.5409085590178995,2.7704542795089484
AZN.L,AstraZeneca,Pharma,11870.0,11357.797433035714,-4.315101659345292,2.157550829672644
LLOY.L,Lloyds Banking,Banking,104.0,98.58685302734376,-5.2049490121694575,2.602474506084728
HSBA.L,HSBC,Banking,1442.199951171875,1379.6769147600446,-4.335254370312981,2.1676271851564892
NVDA,NVIDIA,Technology,233.9499969482422,223.6500004359654,-4.402648705550312,2.2013243527751563
TSM,Taiwan Semiconductor,Semiconductors,472.7799987792969,452.9083044206139,-4.203158849780253,2.1015794248901236
PG,Procter & Gamble,Consumer Staples,144.91000366210938,140.3328639439174,-3.1586085173695904,1.5793042586847925
AMZN,Amazon,Technology,251.5200042724609,240.77858189174103,-4.270603609359102,2.135301804679549
WMT,Walmart,Consumer Staples,104.26000213623048,100.14285605294366,-3.948921924926868,1.974460962463433
MARA,Marathon Digital,Meme/Speculative,11.229999542236328,9.557142666407994,-14.896321852344466,7.448160926172237
GOOGL,Alphabet,Technology,343.5,325.14999825613836,-5.342067465461904,2.6710337327309484
OXY,Occidental Petroleum,Energy,58.08000183105469,54.77714484078544,-5.686737062916636,2.8433685314583204
AMC,AMC Entertainment,Meme/Speculative,2.7699999809265137,2.341428552355085,-15.471892834745782,7.735946417372889
BB,BlackBerry,Meme/Speculative,9.300000190734863,8.191428729466029,-11.920122994978536,5.960061497489266
KO,Coca-Cola,Consumer Staples,85.6500015258789,83.41571589878627,-2.6086229857422114,1.304311492871107
COP,ConocoPhillips,Energy,126.75,119.80000305175781,-5.483232306305473,2.741616153152736
QCOM,Qualcomm,Semiconductors,184.8699951171875,166.39856610979353,-9.991577592504983,4.995788796252492
XOM,Exxon Mobil,Energy,164.00999450683594,156.83285522460938,-4.37603775538656,2.18801887769328
SLB,Schlumberger,Energy,48.7400016784668,45.67714473179408,-6.284072304465839,3.1420361522329165
CVX,Chevron,Energy,206.69000244140625,198.3528573172433,-4.03364702002286,2.016823510011427
GME,GameStop,Meme/Speculative,24.700000762939453,22.76999991280692,-7.813768382664822,3.90688419133241
RTX,Raytheon Technologies,Defence,184.67999267578125,177.55570111955913,-3.8576412382305616,1.9288206191152786
PEP,PepsiCo,Consumer Staples,125.88999938964844,121.4085693359375,-3.5597982964796424,1.7798991482398194
COST,Costco,Consumer Staples,920.6500244140624,890.4157191685267,-3.284017209990078,1.642008604995042
MS,Morgan Stanley,Financials,190.30999755859372,181.0114288330078,-4.886011688756926,2.4430058443784652
BLK,BlackRock,Financials,1059.6300048828125,1011.5171334402902,-4.540535018904381,2.270267509452191
AMD,Advanced Micro Devices,Semiconductors,633.9099731445312,583.4271283830915,-7.963724645475753,3.9818623227378733
GS,Goldman Sachs,Financials,902.5599975585938,853.9985700334822,-5.380409906983379,2.690204953491692
LMT,Lockheed Martin,Defence,505.4100036621094,482.81856863839283,-4.469922411512059,2.2349612057560266
JPM,JPMorgan Chase,Financials,332.3800048828125,318.2942853655134,-4.237836004083729,2.1189180020418665
INTC,Intel,Semiconductors,119.33000183105467,106.10571507045199,-11.08211393420189,5.541056967100946
BAC,Bank of America,Financials,53.75,51.52857208251953,-4.1328891488008725,2.066444574400438
MSFT,Microsoft,Technology,517.530029296875,493.83288138253346,-4.578893314951576,2.2894466574757857
MMM,3M Company,Industrials,161.88999938964844,154.8228541782924,-4.36539949224802,2.1826997461240074
PFE,Pfizer,Pharma,27.799999237060547,26.858570643833705,-3.386433881522598,1.6932169407612978
HON,Honeywell,Industrials,213.9900054931641,205.55571637834825,-3.941440674006279,1.9707203370031425
UPS,United Parcel Service,Industrials,93.0199966430664,88.7142813546317,-4.62880611032107,2.3144030551605383
AVGO,Broadcom,Semiconductors,355.1400146484375,335.2403115798632,-5.603340160999188,2.8016700804995973
CAT,Caterpillar,Industrials,845.4199829101562,803.9613996233259,-4.903903873210937,2.4519519366054663
JNJ,Johnson & Johnson,Pharma,256.0299987792969,246.28856113978796,-3.8048032206984606,1.9024016103492327
RIOT,Riot Platforms,Meme/Speculative,19.729999542236328,16.78485652378627,-14.92723308049421,7.463616540247102
AAPL,Apple,Technology,333.69000244140625,320.68429129464283,-3.897542944531919,1.948771472265957
GE,General Electric,Industrials,309.5599975585937,292.5728454589843,-5.487515258296265,2.7437576291481336
PLUG,Plug Power,Meme/Speculative,1.899999976158142,1.6999999455043246,-10.526317534920373,5.263158767460188
NOC,Northrop Grumman,Defence,478.0,454.62142072405135,-4.890916166516455,2.4454580832582273
SPCE,Virgin Galactic,Meme/Speculative,3.0299999713897705,2.666285719190325,-12.003770812995116,6.001885406497556
TLRY,Tilray Brands,Meme/Speculative,3.609999895095825,3.3157143592834473,-8.151954137510199,4.075977068755099
NIO,NIO Inc,Meme/Speculative,3.369999885559082,3.171428339821952,-5.892330934135536,2.9461654670677717
MRNA,Moderna,Pharma,190.00999450683597,162.55470929827013,-14.449390033311161,7.224695016655581
LCID,Lucid Group,Meme/Speculative,4.130000114440918,3.645714487348284,-11.72604391460634,5.863021957303168
PLTR,Palantir Technologies,Meme/Speculative,188.75,177.25828552246094,-6.088325551014073,3.04416277550704
SOFI,SoFi Technologies,Meme/Speculative,15.770000457763672,14.580714770725795,-7.541443579682233,3.770721789841115
COIN,Coinbase Global,Meme/Speculative,183.0,158.5942818777902,-13.336457990278582,6.668228995139295
HOOD,Robinhood Markets,Meme/Speculative,112.73999786376952,99.93642534528459,-11.356725883529153,5.678362941764574
RIVN,Rivian Automotive,Meme/Speculative,14.300000190734863,12.927000182015556,-9.601398534308341,4.800699267154173
