prediction_date,Ticker,Stock,Sector,entry_price,d1_Direction,d1_Prob_Up,d1_Confidence,d1_target_price,d5_Direction,d5_Prob_Up,d5_Confidence,d5_target_price,d21_Direction,d21_Prob_Up,d21_Confidence,d21_target_price
2026-01-05,BARC.L,Barclays,Banking,482.3250122070313,UP ↑,0.485881203445082,0.0282375931098359,494.0426450761721,UP ↑,0.4652911608675534,0.0694176782648932,493.5460904492946,UP ↑,0.4950632588617781,0.0098734822764436,494.2640818257192
2026-01-05,HSBA.L,HSBC,Banking,1200.0721435546875,UP ↑,0.510476114329029,0.0209522286580579,1230.7025517925028,UP ↑,0.5178376508166719,0.0356753016333437,1231.144270536132,DOWN ↓,0.4990245400345609,0.0019509199308781,1170.0118088492366
2026-01-05,LLOY.L,Lloyds Banking,Banking,98.63999938964844,DOWN ↓,0.4561336762312197,0.0877326475375606,95.9576506974183,DOWN ↓,0.4890203908679446,0.0219592182641108,96.119847973003,DOWN ↓,0.4656069822867164,0.0687860354265671,96.0043730425949
2026-01-05,NWG.L,NatWest Group,Banking,656.0,DOWN ↓,0.4963837586965714,0.0072324826068571,639.4813872852476,DOWN ↓,0.4945411494470804,0.0109177011058391,639.4209497018642,UP ↑,0.5084553617464634,0.0169107234929268,672.677335865284
2026-01-05,STAN.L,Standard Chartered,Banking,1850.5,UP ↑,0.5179426130119112,0.0358852260238224,1898.422640268927,UP ↑,0.5423073562418737,0.0846147124837473,1900.6769881362795,UP ↑,0.5197620924357746,0.0395241848715492,1898.59098760262
2026-01-05,BA.L,BAE Systems,Defence,1834.0,UP ↑,0.530633569797132,0.0612671395942641,1882.659098350397,UP ↑,0.5370010942384634,0.0740021884769268,1883.2430003416675,UP ↑,0.5658275799223976,0.1316551598447952,1885.886389078884
2026-01-05,LMT,Lockheed Martin,Defence,497.0700073242188,UP ↑,0.5465173096522011,0.0930346193044022,510.6528754798004,UP ↑,0.5619099884862981,0.1238199769725962,511.0354374288406,UP ↑,0.570853993802567,0.1417079876051339,511.2577272682439
2026-01-05,NOC,Northrop Grumman,Defence,585.6599731445312,UP ↑,0.5479032331726882,0.0958064663453763,601.7042227858171,UP ↑,0.558317764318078,0.116635528636156,602.0091914873632,UP ↑,0.5773945468707413,0.1547890937414826,602.5678168852371
2026-01-05,RTX,Raytheon Technologies,Defence,187.25,UP ↑,0.5130785888832459,0.0261571777664917,192.05369828841933,UP ↑,0.525201415188966,0.050402830377932,192.16719824970667,UP ↑,0.5428462821738131,0.0856925643476262,192.3323983168523
2026-01-05,RR.L,Rolls-Royce,Defence,1225.0,UP ↑,0.5015274949083504,0.0030549898167007,1255.7185590631364,DOWN ↓,0.4566913194492321,0.0866173611015358,1191.7223433162656,DOWN ↓,0.469168023803943,0.0616639523921138,1192.4865414579915
2026-01-05,AMC,AMC Entertainment,Meme/Speculative,1.6100000143051147,DOWN ↓,0.4726679647542873,0.0546640704914253,1.5675497850906577,UP ↑,0.5360533878397254,0.0721067756794509,1.653152312409628,DOWN ↓,0.390579828169306,0.218840343661388,1.5609416900368525
2026-01-05,BB,BlackBerry,Meme/Speculative,3.799999952316284,DOWN ↓,0.4825087129648964,0.0349825740702071,3.70167660901341,DOWN ↓,0.4353726273303255,0.1292547453393489,3.692720752855223,UP ↑,0.6077164254490496,0.2154328508980991,3.9154660717026943
2026-01-05,COIN,Coinbase Global,Meme/Speculative,236.52999877929688,DOWN ↓,0.4715358372248229,0.0569283255503542,230.2801173904912,UP ↑,0.513424087130535,0.02684817426107,242.60200871440924,DOWN ↓,0.4768786719416549,0.04624265611669,230.34330442494365
2026-01-05,GME,GameStop,Meme/Speculative,20.6200008392334,DOWN ↓,0.4834028264098728,0.0331943471802543,20.087389131584697,DOWN ↓,0.4401892476407723,0.1196215047184553,20.04283593006044,DOWN ↓,0.440081055519767,0.1198378889604658,20.042724383979145
2026-01-05,LCID,Lucid Group,Meme/Speculative,11.149999618530272,UP ↑,0.5091905236238267,0.0183810472476533,11.433873325738515,DOWN ↓,0.4687944876079474,0.0624110247841052,10.853852555503645,DOWN ↓,0.4653074052129325,0.0693851895741348,10.851908507134931
2026-01-05,MARA,Marathon Digital,Meme/Speculative,9.90999984741211,DOWN ↓,0.4950659715891808,0.0098680568216382,9.659805040186887,DOWN ↓,0.3614229525633708,0.2771540948732582,9.593584925279217,DOWN ↓,0.4402943254297673,0.1194113491404653,9.632665689932775
2026-01-05,NIO,NIO Inc,Meme/Speculative,5.139999866485596,DOWN ↓,0.4442086617540248,0.1115826764919503,4.997161496266688,DOWN ↓,0.4410972849175484,0.1178054301649031,4.996361872440484,DOWN ↓,0.3371648233357433,0.3256703533285133,4.969651230507784
2026-01-05,PLTR,Palantir Technologies,Meme/Speculative,167.86000061035156,DOWN ↓,0.4730630805101353,0.0538738389797294,163.43741902899228,UP ↑,0.5560518376118962,0.1121036752237925,172.52694370039757,UP ↑,0.7702514227048913,0.5405028454097827,174.32472082461993
2026-01-05,PLUG,Plug Power,Meme/Speculative,2.2300000190734863,DOWN ↓,0.4440814437387222,0.1118371125225554,2.168015099520189,DOWN ↓,0.473927281674607,0.0521454366507859,2.171342910478503,DOWN ↓,0.3689531449061096,0.2620937101877807,2.159638294128704
2026-01-05,RIOT,Riot Platforms,Meme/Speculative,14.15999984741211,DOWN ↓,0.4342143739740101,0.1315712520519798,13.75942362850231,DOWN ↓,0.4698206608003946,0.0603586783992108,13.784632879303736,DOWN ↓,0.4220800451566318,0.1558399096867364,13.750832523792184
2026-01-05,RIVN,Rivian Automotive,Meme/Speculative,19.40999984741211,DOWN ↓,0.4899888574132466,0.0200222851735067,18.915034037422743,DOWN ↓,0.4335402610499256,0.1329194779001486,18.860250675082806,DOWN ↓,0.3836611781695547,0.2326776436608906,18.81184302552796
2026-01-05,HOOD,Robinhood Markets,Meme/Speculative,115.20999908447266,UP ↑,0.5448030070280071,0.0896060140560142,118.34833678151838,UP ↑,0.5303168496235404,0.0606336992470808,118.26488927245308,DOWN ↓,0.4843859860017526,0.0312280279964948,112.23980458043869
2026-01-05,SOFI,SoFi Technologies,Meme/Speculative,27.459999084472656,DOWN ↓,0.4810126582278481,0.0379746835443037,26.747429487976845,DOWN ↓,0.4869510278187887,0.0260979443624225,26.75558286915337,DOWN ↓,0.4272256339040881,0.1455487321918238,26.67357990604249
2026-01-05,TLRY,Tilray Brands,Meme/Speculative,9.720000267028809,DOWN ↓,0.4252562704761073,0.1494874590477852,9.44067480680654,DOWN ↓,0.4373719101813315,0.1252561796373369,9.44656300786504,DOWN ↓,0.3880345164504045,0.2239309670991909,9.422585033853084
2026-01-05,SPCE,Virgin Galactic,Meme/Speculative,3.289999961853028,DOWN ↓,0.4261525459520963,0.1476949080958074,3.1956020567566745,DOWN ↓,0.4619759808142809,0.0760480383714382,3.201495011723176,DOWN ↓,0.4228188068285085,0.154362386342983,3.195053656677203
2026-01-05,AZN.L,AstraZeneca,Pharma,13506.0,UP ↑,0.5147152117558318,0.0294304235116635,13853.587182498712,UP ↑,0.5348600508905852,0.0697201017811703,13867.190992366412,DOWN ↓,0.4929504897740815,0.0140990204518369,13163.589465744437
2026-01-05,GSK.L,GSK,Pharma,1823.0,DOWN ↓,0.4931564313864625,0.0136871372270749,1776.801208720876,DOWN ↓,0.3509131258076851,0.2981737483846297,1763.8357314173704,DOWN ↓,0.4898938448966234,0.020212310206753,1776.5038239623273
2026-01-05,JNJ,Johnson & Johnson,Pharma,207.3500061035156,UP ↑,0.5172703622982977,0.0345407245965954,212.7128067425016,UP ↑,0.5205516043508595,0.0411032087017189,212.74682502048287,UP ↑,0.5456072533047169,0.0912145066094338,213.00658946865835
2026-01-05,MRNA,Moderna,Pharma,30.86000061035156,DOWN ↓,0.4789168072123981,0.0421663855752038,30.055969227978093,UP ↑,0.5213815472033225,0.042763094406645,31.664492353597588,UP ↑,0.5341045064643261,0.0682090129286521,31.68412388012559
2026-01-05,PFE,Pfizer,Pharma,25.18000030517578,UP ↑,0.5192340274686602,0.0384680549373204,25.833715953681708,UP ↑,0.6866996185961263,0.3733992371922525,26.04455513546651,UP ↑,0.6893194238135362,0.3786388476270723,26.0478534702752
2026-01-05,GOOGL,Alphabet,Technology,315.1499938964844,UP ↑,0.5735138202756447,0.1470276405512893,324.1871377444553,UP ↑,0.5485471309760722,0.0970942619521444,323.7937251454365,UP ↑,0.5971019247166164,0.1942038494332327,324.5588272929854
2026-01-05,AMZN,Amazon,Technology,226.5,UP ↑,0.505522485399059,0.0110449707981179,232.2250421471443,UP ↑,0.5350181773247457,0.0700363546494913,232.55908085820272,UP ↑,0.6210019859250733,0.2420039718501465,233.53284749060143
2026-01-05,AAPL,Apple,Technology,271.010009765625,UP ↑,0.5432963636295107,0.0865927272590214,278.3719474062681,UP ↑,0.56743066142898,0.13486132285796,278.6989792203841,UP ↑,0.6420436829434144,0.2840873658868288,279.71002300484764
2026-01-05,MSFT,Microsoft,Technology,472.9400024414063,UP ↑,0.5502413710018378,0.1004827420036755,485.9515602086549,UP ↑,0.5943637610502396,0.1887275221004791,486.9949223715155,UP ↑,0.6406336656944215,0.2812673313888429,488.0890668122847
2026-01-05,NVDA,NVIDIA,Technology,188.8500061035156,UP ↑,0.5575006309938859,0.1150012619877718,194.11420598181104,UP ↑,0.5733668342885252,0.1467336685770504,194.26402261126265,UP ↑,0.7206786942738249,0.4413573885476498,195.6550148941299
2026-01-07,BARC.L,Barclays,Banking,479.5499877929688,UP ↑,0.485881203445082,0.0282375931098359,491.2002040520149,UP ↑,0.4652911608675534,0.0694176782648932,490.7065063186794,UP ↑,0.4950632588617781,0.0098734822764436,491.4203667801645
2026-01-07,HSBA.L,HSBC,Banking,1190.800048828125,UP ↑,0.510476114329029,0.0209522286580579,1221.193797921555,UP ↑,0.5178376508166719,0.0356753016333437,1221.6321038220017,DOWN ↓,0.4990245400345609,0.0019509199308781,1160.9719687186982
2026-01-07,LLOY.L,Lloyds Banking,Banking,98.9000015258789,DOWN ↓,0.4561336762312197,0.0877326475375606,96.21058251334858,DOWN ↓,0.4890203908679446,0.0219592182641108,96.37320731973624,DOWN ↓,0.4656069822867164,0.0687860354265671,96.25742801251576
2026-01-07,NWG.L,NatWest Group,Banking,632.4000244140625,DOWN ↓,0.4963837586965714,0.0072324826068571,616.4756782492822,DOWN ↓,0.4945411494470804,0.0109177011058391,616.4174149425639,UP ↑,0.5084553617464634,0.0169107234929268,648.4773835731587
2026-01-07,STAN.L,Standard Chartered,Banking,1790.0,UP ↑,0.5179426130119112,0.0358852260238224,1836.355863864566,UP ↑,0.5423073562418737,0.0846147124837473,1838.536508383648,UP ↑,0.5197620924357746,0.0395241848715492,1836.5187072730016
2026-01-07,BA.L,BAE Systems,Defence,,UP ↑,0.530633569797132,0.0612671395942641,,UP ↑,0.5370010942384634,0.0740021884769268,,UP ↑,0.5658275799223976,0.1316551598447952,
2026-01-07,LMT,Lockheed Martin,Defence,529.3499755859375,UP ↑,0.5465173096522011,0.0930346193044022,543.8149218120218,UP ↑,0.5619099884862981,0.1238199769725962,544.2223275202733,UP ↑,0.570853993802567,0.1417079876051339,544.4590529700637
2026-01-07,NOC,Northrop Grumman,Defence,610.0800170898438,UP ↑,0.5479032331726882,0.0958064663453763,626.7932577827224,UP ↑,0.558317764318078,0.116635528636156,627.1109426496805,UP ↑,0.5773945468707413,0.1547890937414826,627.6928608409679
2026-01-07,RTX,Raytheon Technologies,Defence,191.5850067138672,UP ↑,0.5130785888832459,0.0261571777664917,196.49991495866408,UP ↑,0.525201415188966,0.050402830377932,196.6160425466227,UP ↑,0.5428462821738131,0.0856925643476262,196.78506714461057
2026-01-07,RR.L,Rolls-Royce,Defence,1259.0,UP ↑,0.5015274949083504,0.0030549898167007,1290.571155804481,DOWN ↓,0.4566913194492321,0.0866173611015358,1224.7987185593292,DOWN ↓,0.469168023803943,0.0616639523921138,1225.584127098458
2026-01-07,AMC,AMC Entertainment,Meme/Speculative,1.524999976158142,DOWN ↓,0.4726679647542873,0.0546640704914253,1.4847909090992852,UP ↑,0.5360533878397254,0.0721067756794509,1.5658740463418956,DOWN ↓,0.390579828169306,0.218840343661388,1.478531688782537
2026-01-07,BB,BlackBerry,Meme/Speculative,3.869999885559082,DOWN ↓,0.4825087129648964,0.0349825740702071,3.769865324478898,DOWN ↓,0.4353726273303255,0.1292547453393489,3.760744492178324,UP ↑,0.6077164254490496,0.2154328508980991,3.987593010406092
2026-01-07,COIN,Coinbase Global,Meme/Speculative,244.6199951171875,DOWN ↓,0.4715358372248229,0.0569283255503542,238.15635007130388,UP ↑,0.513424087130535,0.02684817426107,250.8996850015334,DOWN ↓,0.4768786719416549,0.04624265611669,238.22169828142103
2026-01-07,GME,GameStop,Meme/Speculative,21.36000061035156,DOWN ↓,0.4834028264098728,0.0331943471802543,20.808274813192007,DOWN ↓,0.4401892476407723,0.1196215047184553,20.762122709747835,DOWN ↓,0.440081055519767,0.1198378889604658,20.7620071605593
2026-01-07,LCID,Lucid Group,Meme/Speculative,10.984999656677246,UP ↑,0.5091905236238267,0.0183810472476533,11.2646725430368,DOWN ↓,0.4687944876079474,0.0624110247841052,10.693235038114658,DOWN ↓,0.4653074052129325,0.0693851895741348,10.691319758169056
2026-01-07,MARA,Marathon Digital,Meme/Speculative,10.145000457763672,DOWN ↓,0.4950659715891808,0.0098680568216382,9.88887266029526,DOWN ↓,0.3614229525633708,0.2771540948732582,9.821082235835572,DOWN ↓,0.4402943254297673,0.1194113491404653,9.861089741527277
2026-01-07,NIO,NIO Inc,Meme/Speculative,4.819900035858154,DOWN ↓,0.4442086617540248,0.1115826764919503,4.685957101301083,DOWN ↓,0.4410972849175484,0.1178054301649031,4.685207275034798,DOWN ↓,0.3371648233357433,0.3256703533285133,4.66016007126955
2026-01-07,PLTR,Palantir Technologies,Meme/Speculative,185.1300048828125,DOWN ↓,0.4730630805101353,0.0538738389797294,180.25241315890787,UP ↑,0.5560518376118962,0.1121036752237925,190.27709885342188,UP ↑,0.7702514227048913,0.5405028454097827,192.25983736513
2026-01-07,PLUG,Plug Power,Meme/Speculative,2.275099992752075,DOWN ↓,0.4440814437387222,0.1118371125225554,2.2118614775860364,DOWN ↓,0.473927281674607,0.0521454366507859,2.215256590869617,DOWN ↓,0.3689531449061096,0.2620937101877807,2.2033152579795585
2026-01-07,RIOT,Riot Platforms,Meme/Speculative,15.079999923706056,DOWN ↓,0.4342143739740101,0.1315712520519798,14.65339756384076,DOWN ↓,0.4698206608003946,0.0603586783992108,14.680244703972027,DOWN ↓,0.4220800451566318,0.1558399096867364,14.644248279958743
2026-01-07,RIVN,Rivian Automotive,Meme/Speculative,20.045000076293945,DOWN ↓,0.4899888574132466,0.0200222851735067,19.53384140669084,DOWN ↓,0.4335402610499256,0.1329194779001486,19.47726580077036,DOWN ↓,0.3836611781695547,0.2326776436608906,19.427274489763235
2026-01-07,HOOD,Robinhood Markets,Meme/Speculative,118.33000183105467,UP ↑,0.5448030070280071,0.0896060140560142,121.55332887201408,UP ↑,0.5303168496235404,0.0606336992470808,121.46762152040432,DOWN ↓,0.4843859860017526,0.0312280279964948,115.27937147002817
2026-01-07,SOFI,SoFi Technologies,Meme/Speculative,26.96999931335449,DOWN ↓,0.4810126582278481,0.0379746835443037,26.27014490079276,DOWN ↓,0.4869510278187887,0.0260979443624225,26.278152791982265,DOWN ↓,0.4272256339040881,0.1455487321918238,26.1976131003388
2026-01-07,TLRY,Tilray Brands,Meme/Speculative,8.989999771118164,DOWN ↓,0.4252562704761073,0.1494874590477852,8.731652471274595,DOWN ↓,0.4373719101813315,0.1252561796373369,8.73709845118344,DOWN ↓,0.3880345164504045,0.2239309670991909,8.714921293266011
2026-01-07,SPCE,Virgin Galactic,Meme/Speculative,3.2225000858306885,DOWN ↓,0.4261525459520963,0.1476949080958074,3.1300389123345336,DOWN ↓,0.4619759808142809,0.0760480383714382,3.135810963430441,DOWN ↓,0.4228188068285085,0.154362386342983,3.129501763603939
2026-01-07,AZN.L,AstraZeneca,Pharma,14224.0,UP ↑,0.5147152117558318,0.0294304235116635,14590.065458600746,UP ↑,0.5348600508905852,0.0697201017811703,14604.392468193384,DOWN ↓,0.4929504897740815,0.0140990204518369,13863.386388327326
2026-01-07,GSK.L,GSK,Pharma,1901.5,DOWN ↓,0.4931564313864625,0.0136871372270749,1853.311847714068,DOWN ↓,0.3509131258076851,0.2981737483846297,1839.7880654361657,DOWN ↓,0.4898938448966234,0.020212310206753,1853.0016573035464
2026-01-07,JNJ,Johnson & Johnson,Pharma,206.27999877929688,UP ↑,0.5172703622982977,0.0345407245965954,211.61512526446984,UP ↑,0.5205516043508595,0.0411032087017189,211.64896799479968,UP ↑,0.5456072533047169,0.0912145066094338,211.90739195658048
2026-01-07,MRNA,Moderna,Pharma,36.0,DOWN ↓,0.4789168072123981,0.0421663855752038,35.06205025298232,UP ↑,0.5213815472033225,0.042763094406645,36.93848678496598,UP ↑,0.5341045064643261,0.0682090129286521,36.961388111635785
2026-01-07,PFE,Pfizer,Pharma,25.2549991607666,UP ↑,0.5192340274686602,0.0384680549373204,25.910661907164727,UP ↑,0.6866996185961263,0.3733992371922525,26.1221290753338,UP ↑,0.6893194238135362,0.3786388476270723,26.125437234262147
2026-01-07,GOOGL,Alphabet,Technology,323.69000244140625,UP ↑,0.5735138202756447,0.1470276405512893,332.97203693566644,UP ↑,0.5485471309760722,0.0970942619521444,332.56796354964985,UP ↑,0.5971019247166164,0.1942038494332327,333.35379861487075
2026-01-07,AMZN,Amazon,Technology,245.0500030517578,UP ↑,0.505522485399059,0.0110449707981179,251.2439173812464,UP ↑,0.5350181773247457,0.0700363546494913,251.6053133510665,UP ↑,0.6210019859250733,0.2420039718501465,252.6588299790621
2026-01-07,AAPL,Apple,Technology,261.3299865722656,UP ↑,0.5432963636295107,0.0865927272590214,268.42896814286865,UP ↑,0.56743066142898,0.13486132285796,268.744318928862,UP ↑,0.6420436829434144,0.2840873658868288,269.71924992438613
2026-01-07,MSFT,Microsoft,Technology,488.3800048828125,UP ↑,0.5502413710018378,0.1004827420036755,501.8163490556426,UP ↑,0.5943637610502396,0.1887275221004791,502.8937737090066,UP ↑,0.6406336656944215,0.2812673313888429,504.02363852180935
2026-01-07,NVDA,NVIDIA,Technology,189.54530334472656,UP ↑,0.5575006309938859,0.1150012619877718,194.8288846555572,UP ↑,0.5733668342885252,0.1467336685770504,194.97925287137767,UP ↑,0.7206786942738249,0.4413573885476498,196.37536643073724
2026-01-08,BARC.L,Barclays,Banking,484.7000122070313,UP ↑,0.485881203445082,0.0282375931098359,496.4753434690812,UP ↑,0.4652911608675534,0.0694176782648932,495.97634377464766,UP ↑,0.4950632588617781,0.0098734822764436,496.6978705877091
2026-01-08,HSBA.L,HSBC,Banking,1195.4000244140625,UP ↑,0.510476114329029,0.0209522286580579,1225.9111823906485,UP ↑,0.5178376508166719,0.0356753016333437,1226.351181435501,DOWN ↓,0.4990245400345609,0.0019509199308781,1165.456720560386
2026-01-08,LLOY.L,Lloyds Banking,Banking,100.0500030517578,DOWN ↓,0.4561336762312197,0.0877326475375606,97.32931168411706,DOWN ↓,0.4890203908679446,0.0219592182641108,97.4938274791054,DOWN ↓,0.4656069822867164,0.0687860354265671,97.3767018991052
2026-01-08,NWG.L,NatWest Group,Banking,644.2000122070312,DOWN ↓,0.4963837586965714,0.0072324826068571,627.9785327672648,DOWN ↓,0.4945411494470804,0.0109177011058391,627.919182322214,UP ↑,0.5084553617464634,0.0169107234929268,660.5773597192214
2026-01-08,STAN.L,Standard Chartered,Banking,1806.5,UP ↑,0.5179426130119112,0.0358852260238224,1853.2831665203007,UP ↑,0.5423073562418737,0.0846147124837473,1855.4839119525475,UP ↑,0.5197620924357746,0.0395241848715492,1853.447510999261
2026-01-08,BA.L,BAE Systems,Defence,,UP ↑,0.530633569797132,0.0612671395942641,,UP ↑,0.5370010942384634,0.0740021884769268,,UP ↑,0.5658275799223976,0.1316551598447952,
2026-01-08,LMT,Lockheed Martin,Defence,519.494873046875,UP ↑,0.5465173096522011,0.0930346193044022,533.6905200666595,UP ↑,0.5619099884862981,0.1238199769725962,534.0903409534981,UP ↑,0.570853993802567,0.1417079876051339,534.3226591988133
2026-01-08,NOC,Northrop Grumman,Defence,596.0700073242188,UP ↑,0.5479032331726882,0.0958064663453763,612.399441534729,UP ↑,0.558317764318078,0.116635528636156,612.7098310175346,UP ↑,0.5773945468707413,0.1547890937414826,613.2783859133291
2026-01-08,RTX,Raytheon Technologies,Defence,186.8699951171875,UP ↑,0.5130785888832459,0.0261571777664917,191.6639447871548,UP ↑,0.525201415188966,0.050402830377932,191.77721441178247,UP ↑,0.5428462821738131,0.0856925643476262,191.9420792221477
2026-01-08,RR.L,Rolls-Royce,Defence,1272.5,UP ↑,0.5015274949083504,0.0030549898167007,1304.4096868635438,DOWN ↓,0.4566913194492321,0.0866173611015358,1237.9319851999574,DOWN ↓,0.469168023803943,0.0616639523921138,1238.7258155145255
2026-01-08,AMC,AMC Entertainment,Meme/Speculative,1.5,DOWN ↓,0.4726679647542873,0.0546640704914253,1.4604500973565715,UP ↑,0.5360533878397254,0.0721067756794509,1.5402040040879794,DOWN ↓,0.390579828169306,0.218840343661388,1.454293487112698
2026-01-08,BB,BlackBerry,Meme/Speculative,3.805000066757202,DOWN ↓,0.4825087129648964,0.0349825740702071,3.70654734767146,DOWN ↓,0.4353726273303255,0.1292547453393489,3.6975797072221495,UP ↑,0.6077164254490496,0.2154328508980991,3.920618118727356
2026-01-08,COIN,Coinbase Global,Meme/Speculative,248.97000122070312,DOWN ↓,0.4715358372248229,0.0569283255503542,242.39141505814143,UP ↑,0.513424087130535,0.02684817426107,255.36136100068447,DOWN ↓,0.4768786719416549,0.04624265611669,242.45792533644004
2026-01-08,GME,GameStop,Meme/Speculative,21.239999771118164,DOWN ↓,0.4834028264098728,0.0331943471802543,20.691373578677435,DOWN ↓,0.4401892476407723,0.1196215047184553,20.645480758519188,DOWN ↓,0.440081055519767,0.1198378889604658,20.64536585848792
2026-01-08,LCID,Lucid Group,Meme/Speculative,11.363200187683104,UP ↑,0.5091905236238267,0.0183810472476533,11.65250188036354,DOWN ↓,0.4687944876079474,0.0624110247841052,11.06139045877752,DOWN ↓,0.4653074052129325,0.0693851895741348,11.059409238011243
2026-01-08,MARA,Marathon Digital,Meme/Speculative,10.520099639892578,DOWN ↓,0.4950659715891808,0.0098680568216382,10.25450182536987,DOWN ↓,0.3614229525633708,0.2771540948732582,10.18420493155349,DOWN ↓,0.4402943254297673,0.1194113491404653,10.225691666617973
2026-01-08,NIO,NIO Inc,Meme/Speculative,4.755000114440918,DOWN ↓,0.4442086617540248,0.1115826764919503,4.622860720592674,DOWN ↓,0.4410972849175484,0.1178054301649031,4.622120990731998,DOWN ↓,0.3371648233357433,0.3256703533285133,4.597411047396218
2026-01-08,PLTR,Palantir Technologies,Meme/Speculative,177.34500122070312,DOWN ↓,0.4730630805101353,0.0538738389797294,172.67251978919495,UP ↑,0.5560518376118962,0.1121036752237925,182.27565191170592,UP ↑,0.7702514227048913,0.5405028454097827,184.17501319569547
2026-01-08,PLUG,Plug Power,Meme/Speculative,2.384399890899658,DOWN ↓,0.4440814437387222,0.1118371125225554,2.318123283654734,DOWN ↓,0.473927281674607,0.0521454366507859,2.3216815042906407,DOWN ↓,0.3689531449061096,0.2620937101877807,2.309166488277736
2026-01-08,RIOT,Riot Platforms,Meme/Speculative,15.335000038146973,DOWN ↓,0.4342143739740101,0.1315712520519798,14.901183908312394,DOWN ↓,0.4698206608003946,0.0603586783992108,14.928485028804438,DOWN ↓,0.4220800451566318,0.1558399096867364,14.891879911668523
2026-01-08,RIVN,Rivian Automotive,Meme/Speculative,20.53499984741211,DOWN ↓,0.4899888574132466,0.0200222851735067,20.01134591065224,DOWN ↓,0.4335402610499256,0.1329194779001486,19.953387314766868,DOWN ↓,0.3836611781695547,0.2326776436608906,19.902173966799992
2026-01-08,HOOD,Robinhood Markets,Meme/Speculative,117.12999725341795,UP ↑,0.5448030070280071,0.0896060140560142,120.32063598926015,UP ↑,0.5303168496235404,0.0606336992470808,120.23579781041028,DOWN ↓,0.4843859860017526,0.0312280279964948,114.11030385124604
2026-01-08,SOFI,SoFi Technologies,Meme/Speculative,27.870500564575195,DOWN ↓,0.4810126582278481,0.0379746835443037,27.14727871448179,DOWN ↓,0.4869510278187887,0.0260979443624225,27.15555398113364,DOWN ↓,0.4272256339040881,0.1455487321918238,27.07232514989268
2026-01-08,TLRY,Tilray Brands,Meme/Speculative,9.106300354003906,DOWN ↓,0.4252562704761073,0.1494874590477852,8.844610902622659,DOWN ↓,0.4373719101813315,0.1252561796373369,8.850127335329493,DOWN ↓,0.3880345164504045,0.2239309670991909,8.827663279029615
2026-01-08,SPCE,Virgin Galactic,Meme/Speculative,3.148699998855591,DOWN ↓,0.4261525459520963,0.1476949080958074,3.058356324960395,DOWN ↓,0.4619759808142809,0.0760480383714382,3.063996187425873,DOWN ↓,0.4228188068285085,0.154362386342983,3.057831477741664
2026-01-08,AZN.L,AstraZeneca,Pharma,14176.0,UP ↑,0.5147152117558318,0.0294304235116635,14540.830142092533,UP ↑,0.5348600508905852,0.0697201017811703,14555.108804071246,DOWN ↓,0.4929504897740815,0.0140990204518369,13816.603307151869
2026-01-08,GSK.L,GSK,Pharma,1891.0,DOWN ↓,0.4931564313864625,0.0136871372270749,1843.07794058759,DOWN ↓,0.3509131258076851,0.2981737483846297,1829.6288360451167,DOWN ↓,0.4898938448966234,0.020212310206753,1842.769463034976
2026-01-08,JNJ,Johnson & Johnson,Pharma,205.7100067138672,UP ↑,0.5172703622982977,0.0345407245965954,211.03039119893057,UP ↑,0.5205516043508595,0.0411032087017189,211.06414041516365,UP ↑,0.5456072533047169,0.0912145066094338,211.3218503008896
2026-01-08,MRNA,Moderna,Pharma,34.275001525878906,DOWN ↓,0.4789168072123981,0.0421663855752038,33.38199516448366,UP ↑,0.5213815472033225,0.042763094406645,35.16851919217686,UP ↑,0.5341045064643261,0.0682090129286521,35.19032316458109
2026-01-08,PFE,Pfizer,Pharma,25.245399475097656,UP ↑,0.5192340274686602,0.0384680549373204,25.900812997323165,UP ↑,0.6866996185961263,0.3733992371922525,26.11219978464048,UP ↑,0.6893194238135362,0.3786388476270723,26.115506686103497
2026-01-08,GOOGL,Alphabet,Technology,326.489990234375,UP ↑,0.5735138202756447,0.1470276405512893,335.8523163134288,UP ↑,0.5485471309760722,0.0970942619521444,335.4447476061486,UP ↑,0.5971019247166164,0.1942038494332327,336.23738031285774
2026-01-08,AMZN,Amazon,Technology,245.67999267578125,UP ↑,0.505522485399059,0.0110449707981179,251.8898307012954,UP ↑,0.5350181773247457,0.0700363546494913,252.2521557701089,UP ↑,0.6210019859250733,0.2420039718501465,253.30838084346715
2026-01-08,AAPL,Apple,Technology,257.364990234375,UP ↑,0.5432963636295107,0.0865927272590214,264.356263400369,UP ↑,0.56743066142898,0.13486132285796,264.6668295662427,UP ↑,0.6420436829434144,0.2840873658868288,265.6269685439137
2026-01-08,MSFT,Microsoft,Technology,477.5700073242188,UP ↑,0.5502413710018378,0.1004827420036755,490.70894610319056,UP ↑,0.5943637610502396,0.1887275221004791,491.76252261011945,UP ↑,0.6406336656944215,0.2812673313888429,492.86737854511017
2026-01-08,NVDA,NVIDIA,Technology,184.802001953125,UP ↑,0.5575006309938859,0.1150012619877718,189.95336358801504,UP ↑,0.5733668342885252,0.1467336685770504,190.09996889462724,UP ↑,0.7206786942738249,0.4413573885476498,191.46114522646337
2026-01-09,BARC.L,Barclays,Banking,484.8999938964844,UP ↑,0.485881203445082,0.0282375931098359,496.6801835257312,UP ↑,0.4652911608675534,0.0694176782648932,496.1809779497226,UP ↑,0.4950632588617781,0.0098734822764436,496.9028024565068
2026-01-09,HSBA.L,HSBC,Banking,1194.199951171875,UP ↑,0.510476114329029,0.0209522286580579,1224.680478712182,UP ↑,0.5178376508166719,0.0356753016333437,1225.1200360378864,DOWN ↓,0.4990245400345609,0.0019509199308781,1164.2867076804232
2026-01-09,LLOY.L,Lloyds Banking,Banking,100.3000030517578,DOWN ↓,0.4561336762312197,0.0877326475375606,97.57251335506994,DOWN ↓,0.4890203908679446,0.0219592182641108,97.73744023399124,DOWN ↓,0.4656069822867164,0.0687860354265671,97.62002198638378
2026-01-09,NWG.L,NatWest Group,Banking,642.5999755859375,DOWN ↓,0.4963837586965714,0.0072324826068571,626.4187863676243,DOWN ↓,0.4945411494470804,0.0109177011058391,626.3595833346874,UP ↑,0.5084553617464634,0.0169107234929268,658.9366457381783
2026-01-09,STAN.L,Standard Chartered,Banking,1794.5,UP ↑,0.5179426130119112,0.0358852260238224,1840.9724009524937,UP ↑,0.5423073562418737,0.0846147124837473,1843.158527538802,UP ↑,0.5197620924357746,0.0395241848715492,1841.1356537438
2026-01-09,BA.L,BAE Systems,Defence,2053.0,UP ↑,0.530633569797132,0.0612671395942641,2107.469535939676,UP ↑,0.5370010942384634,0.0740021884769268,2108.1231623235785,UP ↑,0.5658275799223976,0.1316551598447952,2111.0822010790343
2026-01-09,LMT,Lockheed Martin,Defence,540.739990234375,UP ↑,0.5465173096522011,0.0930346193044022,555.5161784685874,UP ↑,0.5619099884862981,0.1238199769725962,555.9323503187089,UP ↑,0.570853993802567,0.1417079876051339,556.1741693860777
2026-01-09,NOC,Northrop Grumman,Defence,613.239990234375,UP ↑,0.5479032331726882,0.0958064663453763,630.0397989023851,UP ↑,0.558317764318078,0.116635528636156,630.3591292512798,UP ↑,0.5773945468707413,0.1547890937414826,630.9440615485947
2026-01-09,RTX,Raytheon Technologies,Defence,187.52999877929688,UP ↑,0.5130785888832459,0.0261571777664917,192.3408801366448,UP ↑,0.525201415188966,0.050402830377932,192.45454981676045,UP ↑,0.5428462821738131,0.0856925643476262,192.6199969109669
2026-01-09,RR.L,Rolls-Royce,Defence,1293.5,UP ↑,0.5015274949083504,0.0030549898167007,1325.9362907331974,DOWN ↓,0.4566913194492321,0.0866173611015358,1258.361511085379,DOWN ↓,0.469168023803943,0.0616639523921138,1259.16844193952
2026-01-09,AMC,AMC Entertainment,Meme/Speculative,1.6150000095367432,DOWN ↓,0.4726679647542873,0.0546640704914253,1.5724179474392004,UP ↑,0.5360533878397254,0.0721067756794509,1.6582863208604113,DOWN ↓,0.390579828169306,0.218840343661388,1.5657893303708204
2026-01-09,BB,BlackBerry,Meme/Speculative,3.8450000286102295,DOWN ↓,0.4825087129648964,0.0349825740702071,3.745512327937454,DOWN ↓,0.4353726273303255,0.1292547453393489,3.7364504154067775,UP ↑,0.6077164254490496,0.2154328508980991,3.961833512272154
2026-01-09,COIN,Coinbase Global,Meme/Speculative,239.6999969482422,DOWN ↓,0.4715358372248229,0.0569283255503542,233.36635403801893,UP ↑,0.513424087130535,0.02684817426107,245.85338455415936,DOWN ↓,0.4768786719416549,0.04624265611669,233.4303879112849
2026-01-09,GME,GameStop,Meme/Speculative,21.3700008392334,DOWN ↓,0.4834028264098728,0.0331943471802543,20.818016737575068,DOWN ↓,0.4401892476407723,0.1196215047184553,20.77184302684697,DOWN ↓,0.440081055519767,0.1198378889604658,20.77172742356113
2026-01-09,LCID,Lucid Group,Meme/Speculative,11.270099639892578,UP ↑,0.5091905236238267,0.0183810472476533,11.557031036739058,DOWN ↓,0.4687944876079474,0.0624110247841052,10.970762687196649,DOWN ↓,0.4653074052129325,0.0693851895741348,10.96879769889443
2026-01-09,MARA,Marathon Digital,Meme/Speculative,10.1850004196167,DOWN ↓,0.4950659715891808,0.0098680568216382,9.927862755054552,DOWN ↓,0.3614229525633708,0.2771540948732582,9.859805044811717,DOWN ↓,0.4402943254297673,0.1194113491404653,9.899970293098717
2026-01-09,NIO,NIO Inc,Meme/Speculative,4.65500020980835,DOWN ↓,0.4442086617540248,0.1115826764919503,4.525639770001116,DOWN ↓,0.4410972849175484,0.1178054301649031,4.524915597009786,DOWN ↓,0.3371648233357433,0.3256703533285133,4.500725315486326
2026-01-09,PLTR,Palantir Technologies,Meme/Speculative,176.74000549316406,DOWN ↓,0.4730630805101353,0.0538738389797294,172.08346379090457,UP ↑,0.5560518376118962,0.1121036752237925,181.6538357348646,UP ↑,0.7702514227048913,0.5405028454097827,183.54671752716305
2026-01-09,PLUG,Plug Power,Meme/Speculative,2.1991000175476074,DOWN ↓,0.4440814437387222,0.1118371125225554,2.1379739922061463,DOWN ↓,0.473927281674607,0.0521454366507859,2.141255691342573,DOWN ↓,0.3689531449061096,0.2620937101877807,2.1297132600420907
2026-01-09,RIOT,Riot Platforms,Meme/Speculative,15.60509967803955,DOWN ↓,0.4342143739740101,0.1315712520519798,15.163642623512672,DOWN ↓,0.4698206608003946,0.0603586783992108,15.1914246062672,DOWN ↓,0.4220800451566318,0.1558399096867364,15.154174752976608
2026-01-09,RIVN,Rivian Automotive,Meme/Speculative,19.244600296020508,DOWN ↓,0.4899888574132466,0.0200222851735067,18.75385226674057,DOWN ↓,0.4335402610499256,0.1329194779001486,18.699535733026394,DOWN ↓,0.3836611781695547,0.2326776436608906,18.65154058236816
2026-01-09,HOOD,Robinhood Markets,Meme/Speculative,115.1500015258789,UP ↑,0.5448030070280071,0.0896060140560142,118.28670488040784,UP ↑,0.5303168496235404,0.0606336992470808,118.2033008280464,DOWN ↓,0.4843859860017526,0.0312280279964948,112.18135380094576
2026-01-09,SOFI,SoFi Technologies,Meme/Speculative,27.799999237060547,DOWN ↓,0.4810126582278481,0.0379746835443037,27.07860685179505,DOWN ↓,0.4869510278187887,0.0260979443624225,27.086861185299927,DOWN ↓,0.4272256339040881,0.1455487321918238,27.00384289003684
2026-01-09,TLRY,Tilray Brands,Meme/Speculative,9.289899826049805,DOWN ↓,0.4252562704761073,0.1494874590477852,9.022934242403444,DOWN ↓,0.4373719101813315,0.1252561796373369,9.028561896362946,DOWN ↓,0.3880345164504045,0.2239309670991909,9.005644924091012
2026-01-09,SPCE,Virgin Galactic,Meme/Speculative,3.2149999141693115,DOWN ↓,0.4261525459520963,0.1476949080958074,3.122753938393797,DOWN ↓,0.4619759808142809,0.0760480383714382,3.128512555394156,DOWN ↓,0.4228188068285085,0.154362386342983,3.122218039843987
2026-01-09,AZN.L,AstraZeneca,Pharma,14216.0,UP ↑,0.5147152117558318,0.0294304235116635,14581.859572516045,UP ↑,0.5348600508905852,0.0697201017811703,14596.178524173029,DOWN ↓,0.4929504897740815,0.0140990204518369,13855.589208131418
2026-01-09,GSK.L,GSK,Pharma,1886.0,DOWN ↓,0.4931564313864625,0.0136871372270749,1838.204651479744,DOWN ↓,0.3509131258076851,0.2981737483846297,1824.7911077636647,DOWN ↓,0.4898938448966234,0.020212310206753,1837.896989573752
2026-01-09,JNJ,Johnson & Johnson,Pharma,205.4499969482422,UP ↑,0.5172703622982977,0.0345407245965954,210.76365666602223,UP ↑,0.5205516043508595,0.0411032087017189,210.7973632245065,UP ↑,0.5456072533047169,0.0912145066094338,211.05474737456183
2026-01-09,MRNA,Moderna,Pharma,34.72999954223633,DOWN ↓,0.4789168072123981,0.0421663855752038,33.82513858988731,UP ↑,0.5213815472033225,0.042763094406645,35.63537858702142,UP ↑,0.5341045064643261,0.0682090129286521,35.657472005486945
2026-01-09,PFE,Pfizer,Pharma,25.415000915527344,UP ↑,0.5192340274686602,0.0384680549373204,26.07481757970179,UP ↑,0.6866996185961263,0.3733992371922525,26.287624487292987,UP ↑,0.6893194238135362,0.3786388476270723,26.29095360489293
2026-01-09,GOOGL,Alphabet,Technology,329.3699951171875,UP ↑,0.5735138202756447,0.1470276405512893,338.81490732637894,UP ↑,0.5485471309760722,0.0970942619521444,338.4037434097443,UP ↑,0.5971019247166164,0.1942038494332327,339.2033680186063
2026-01-09,AMZN,Amazon,Technology,245.92999267578125,UP ↑,0.505522485399059,0.0110449707981179,252.1461497323629,UP ↑,0.5350181773247457,0.0700363546494913,252.50884349732547,UP ↑,0.6210019859250733,0.2420039718501465,253.5661433682912
2026-01-09,AAPL,Apple,Technology,259.1199951171875,UP ↑,0.5432963636295107,0.0865927272590214,266.1589426717307,UP ↑,0.56743066142898,0.13486132285796,266.4716266281285,UP ↑,0.6420436829434144,0.2840873658868288,267.43831291665344
2026-01-09,MSFT,Microsoft,Technology,476.8999938964844,UP ↑,0.5502413710018378,0.1004827420036755,490.0204992201028,UP ↑,0.5943637610502396,0.1887275221004791,491.0725975973419,UP ↑,0.6406336656944215,0.2812673313888429,492.175903459462
2026-01-09,NVDA,NVIDIA,Technology,185.1201019287109,UP ↑,0.5575006309938859,0.1150012619877718,190.2803306104564,UP ↑,0.5733668342885252,0.1467336685770504,190.42718826901265,UP ↑,0.7206786942738249,0.4413573885476498,191.790707595802
2026-01-10,BARC.L,Barclays,Banking,484.8999938964844,UP ↑,0.485881203445082,0.0282375931098359,496.6801835257312,UP ↑,0.4652911608675534,0.0694176782648932,496.1809779497226,UP ↑,0.4950632588617781,0.0098734822764436,496.9028024565068
2026-01-10,HSBA.L,HSBC,Banking,1194.199951171875,UP ↑,0.510476114329029,0.0209522286580579,1224.680478712182,UP ↑,0.5178376508166719,0.0356753016333437,1225.1200360378864,DOWN ↓,0.4990245400345609,0.0019509199308781,1164.2867076804232
2026-01-10,LLOY.L,Lloyds Banking,Banking,100.3000030517578,DOWN ↓,0.4561336762312197,0.0877326475375606,97.57251335506994,DOWN ↓,0.4890203908679446,0.0219592182641108,97.73744023399124,DOWN ↓,0.4656069822867164,0.0687860354265671,97.62002198638378
2026-01-10,NWG.L,NatWest Group,Banking,642.5999755859375,DOWN ↓,0.4963837586965714,0.0072324826068571,626.4187863676243,DOWN ↓,0.4945411494470804,0.0109177011058391,626.3595833346874,UP ↑,0.5084553617464634,0.0169107234929268,658.9366457381783
2026-01-10,STAN.L,Standard Chartered,Banking,1794.5,UP ↑,0.5179426130119112,0.0358852260238224,1840.9724009524937,UP ↑,0.5423073562418737,0.0846147124837473,1843.158527538802,UP ↑,0.5197620924357746,0.0395241848715492,1841.1356537438
2026-01-10,BA.L,BAE Systems,Defence,2053.0,UP ↑,0.530633569797132,0.0612671395942641,2107.469535939676,UP ↑,0.5370010942384634,0.0740021884769268,2108.1231623235785,UP ↑,0.5658275799223976,0.1316551598447952,2111.0822010790343
2026-01-10,LMT,Lockheed Martin,Defence,542.9199829101562,UP ↑,0.5465173096522011,0.0930346193044022,557.7557413309802,UP ↑,0.5619099884862981,0.1238199769725962,558.1735909774577,UP ↑,0.570853993802567,0.1417079876051339,558.4163849381305
2026-01-10,NOC,Northrop Grumman,Defence,618.8200073242188,UP ↑,0.5479032331726882,0.0958064663453763,635.772681462463,UP ↑,0.558317764318078,0.116635528636156,636.0949174744464,UP ↑,0.5773945468707413,0.1547890937414826,636.6851722103945
2026-01-10,RTX,Raytheon Technologies,Defence,188.5,UP ↑,0.5130785888832459,0.0261571777664917,193.33576570022456,UP ↑,0.525201415188966,0.050402830377932,193.450023338156,UP ↑,0.5428462821738131,0.0856925643476262,193.6163262094882
2026-01-10,RR.L,Rolls-Royce,Defence,1293.5,UP ↑,0.5015274949083504,0.0030549898167007,1325.9362907331974,DOWN ↓,0.4566913194492321,0.0866173611015358,1258.361511085379,DOWN ↓,0.469168023803943,0.0616639523921138,1259.16844193952
2026-01-10,AMC,AMC Entertainment,Meme/Speculative,1.6399999856948853,DOWN ↓,0.4726679647542873,0.0546640704914253,1.596758759181914,UP ↑,0.5360533878397254,0.0721067756794509,1.6839563631143275,DOWN ↓,0.390579828169306,0.218840343661388,1.5900275320406596
2026-01-10,BB,BlackBerry,Meme/Speculative,3.839999914169312,DOWN ↓,0.4825087129648964,0.0349825740702071,3.740641589279404,DOWN ↓,0.4353726273303255,0.1292547453393489,3.731591461039853,UP ↑,0.6077164254490496,0.2154328508980991,3.956681465247493
2026-01-10,COIN,Coinbase Global,Meme/Speculative,240.77999877929688,DOWN ↓,0.4715358372248229,0.0569283255503542,234.4178187559014,UP ↑,0.513424087130535,0.02684817426107,246.96111133292447,DOWN ↓,0.4768786719416549,0.04624265611669,234.48214114273125
2026-01-10,GME,GameStop,Meme/Speculative,21.229999542236328,DOWN ↓,0.4834028264098728,0.0331943471802543,20.68163165429437,DOWN ↓,0.4401892476407723,0.1196215047184553,20.635760441420057,DOWN ↓,0.440081055519767,0.1198378889604658,20.63564559548609
2026-01-10,LCID,Lucid Group,Meme/Speculative,11.329999923706056,UP ↑,0.5091905236238267,0.0183810472476533,11.618456353396548,DOWN ↓,0.4687944876079474,0.0624110247841052,11.029072002962348,DOWN ↓,0.4653074052129325,0.0693851895741348,11.027096570798872
2026-01-10,MARA,Marathon Digital,Meme/Speculative,10.220000267028809,DOWN ↓,0.4950659715891808,0.0098680568216382,9.961978971769284,DOWN ↓,0.3614229525633708,0.2771540948732582,9.893687387262768,DOWN ↓,0.4402943254297673,0.1194113491404653,9.933990659850544
2026-01-10,NIO,NIO Inc,Meme/Speculative,4.639999866485596,DOWN ↓,0.4442086617540248,0.1115826764919503,4.511056279722837,DOWN ↓,0.4410972849175484,0.1178054301649031,4.510334440317545,DOWN ↓,0.3371648233357433,0.3256703533285133,4.48622210992439
2026-01-10,PLTR,Palantir Technologies,Meme/Speculative,177.49000549316406,DOWN ↓,0.4730630805101353,0.0538738389797294,172.8137036564237,UP ↑,0.5560518376118962,0.1121036752237925,182.42468767877503,UP ↑,0.7702514227048913,0.5405028454097827,184.3256019555145
2026-01-10,PLUG,Plug Power,Meme/Speculative,2.190000057220459,DOWN ↓,0.4440814437387222,0.1118371125225554,2.129126973719353,DOWN ↓,0.473927281674607,0.0521454366507859,2.1323950930587223,DOWN ↓,0.3689531449061096,0.2620937101877807,2.1209004247822385
2026-01-10,RIOT,Riot Platforms,Meme/Speculative,15.31999969482422,DOWN ↓,0.4342143739740101,0.1315712520519798,14.886607913921516,DOWN ↓,0.4698206608003946,0.0603586783992108,14.913882329087215,DOWN ↓,0.4220800451566318,0.1558399096867364,14.87731301823256
2026-01-10,RIVN,Rivian Automotive,Meme/Speculative,19.21999931335449,DOWN ↓,0.4899888574132466,0.0200222851735067,18.729878622838463,DOWN ↓,0.4335402610499256,0.1329194779001486,18.67563152367132,DOWN ↓,0.3836611781695547,0.2326776436608906,18.627697726735747
2026-01-10,HOOD,Robinhood Markets,Meme/Speculative,115.2699966430664,UP ↑,0.5448030070280071,0.0896060140560142,118.40996868262896,UP ↑,0.5303168496235404,0.0606336992470808,118.32647771685976,DOWN ↓,0.4843859860017526,0.0312280279964948,112.29825535993162
2026-01-10,SOFI,SoFi Technologies,Meme/Speculative,27.39999961853028,DOWN ↓,0.4810126582278481,0.0379746835443037,26.688986970201327,DOWN ↓,0.4869510278187887,0.0260979443624225,26.69712253642765,DOWN ↓,0.4272256339040881,0.1455487321918238,26.615298747903683
2026-01-10,TLRY,Tilray Brands,Meme/Speculative,9.18000030517578,DOWN ↓,0.4252562704761073,0.1494874590477852,8.91619292455442,DOWN ↓,0.4373719101813315,0.1252561796373369,8.921754003363988,DOWN ↓,0.3880345164504045,0.2239309670991909,8.899108138888664
2026-01-10,SPCE,Virgin Galactic,Meme/Speculative,3.180000066757202,DOWN ↓,0.4261525459520963,0.1476949080958074,3.088758319648163,DOWN ↓,0.4619759808142809,0.0760480383714382,3.094454245910824,DOWN ↓,0.4228188068285085,0.154362386342983,3.088228255116385
2026-01-10,AZN.L,AstraZeneca,Pharma,14216.0,UP ↑,0.5147152117558318,0.0294304235116635,14581.859572516045,UP ↑,0.5348600508905852,0.0697201017811703,14596.178524173029,DOWN ↓,0.4929504897740815,0.0140990204518369,13855.589208131418
2026-01-10,GSK.L,GSK,Pharma,1886.0,DOWN ↓,0.4931564313864625,0.0136871372270749,1838.204651479744,DOWN ↓,0.3509131258076851,0.2981737483846297,1824.7911077636647,DOWN ↓,0.4898938448966234,0.020212310206753,1837.896989573752
2026-01-10,JNJ,Johnson & Johnson,Pharma,204.38999938964844,UP ↑,0.5172703622982977,0.0345407245965954,209.67624384137005,UP ↑,0.5205516043508595,0.0411032087017189,209.70977649442605,UP ↑,0.5456072533047169,0.0912145066094338,209.96583269814536
2026-01-10,MRNA,Moderna,Pharma,34.29999923706055,DOWN ↓,0.4789168072123981,0.0421663855752038,33.40634158130756,UP ↑,0.5213815472033225,0.042763094406645,35.19416857062512,UP ↑,0.5341045064643261,0.0682090129286521,35.215988445272394
2026-01-10,PFE,Pfizer,Pharma,25.479999542236328,UP ↑,0.5192340274686602,0.0384680549373204,26.14150368134708,UP ↑,0.6866996185961263,0.3733992371922525,26.35485484061049,UP ↑,0.6893194238135362,0.3786388476270723,26.3581924723975
2026-01-10,GOOGL,Alphabet,Technology,328.57000732421875,UP ↑,0.5735138202756447,0.1470276405512893,337.9919793306442,UP ↑,0.5485471309760722,0.0970942619521444,337.5818140663432,UP ↑,0.5971019247166164,0.1942038494332327,338.37949651309094
2026-01-10,AMZN,Amazon,Technology,247.3800048828125,UP ↑,0.505522485399059,0.0110449707981179,253.632812628132,UP ↑,0.5350181773247457,0.0700363546494913,253.99764484876192,UP ↑,0.6210019859250733,0.2420039718501465,255.0611785983316
2026-01-10,AAPL,Apple,Technology,259.3699951171875,UP ↑,0.5432963636295107,0.0865927272590214,266.4157338762761,UP ↑,0.56743066142898,0.13486132285796,266.7287195113963,UP ↑,0.6420436829434144,0.2840873658868288,267.6963384626902
2026-01-10,MSFT,Microsoft,Technology,479.2799987792969,UP ↑,0.5502413710018378,0.1004827420036755,492.4659829604008,UP ↑,0.5943637610502396,0.1887275221004791,493.5233319128277,UP ↑,0.6406336656944215,0.2812673313888429,494.6321439048969
2026-01-10,NVDA,NVIDIA,Technology,184.8600006103516,UP ↑,0.5575006309938859,0.1150012619877718,190.01297895964169,UP ↑,0.5733668342885252,0.1467336685770504,190.1596302771782,UP ↑,0.7206786942738249,0.4413573885476498,191.521233803518
2026-01-11,BARC.L,Barclays,Banking,484.8999938964844,UP ↑,0.485881203445082,0.0282375931098359,496.6801835257312,UP ↑,0.4652911608675534,0.0694176782648932,496.1809779497226,UP ↑,0.4950632588617781,0.0098734822764436,496.9028024565068
2026-01-11,HSBA.L,HSBC,Banking,1194.199951171875,UP ↑,0.510476114329029,0.0209522286580579,1224.680478712182,UP ↑,0.5178376508166719,0.0356753016333437,1225.1200360378864,DOWN ↓,0.4990245400345609,0.0019509199308781,1164.2867076804232
2026-01-11,LLOY.L,Lloyds Banking,Banking,100.3000030517578,DOWN ↓,0.4561336762312197,0.0877326475375606,97.57251335506994,DOWN ↓,0.4890203908679446,0.0219592182641108,97.73744023399124,DOWN ↓,0.4656069822867164,0.0687860354265671,97.62002198638378
2026-01-11,NWG.L,NatWest Group,Banking,642.5999755859375,DOWN ↓,0.4963837586965714,0.0072324826068571,626.4187863676243,DOWN ↓,0.4945411494470804,0.0109177011058391,626.3595833346874,UP ↑,0.5084553617464634,0.0169107234929268,658.9366457381783
2026-01-11,STAN.L,Standard Chartered,Banking,1794.5,UP ↑,0.5179426130119112,0.0358852260238224,1840.9724009524937,UP ↑,0.5423073562418737,0.0846147124837473,1843.158527538802,UP ↑,0.5197620924357746,0.0395241848715492,1841.1356537438
2026-01-11,BA.L,BAE Systems,Defence,2053.0,UP ↑,0.530633569797132,0.0612671395942641,2107.469535939676,UP ↑,0.5370010942384634,0.0740021884769268,2108.1231623235785,UP ↑,0.5658275799223976,0.1316551598447952,2111.0822010790343
2026-01-11,LMT,Lockheed Martin,Defence,542.9199829101562,UP ↑,0.5465173096522011,0.0930346193044022,557.7557413309802,UP ↑,0.5619099884862981,0.1238199769725962,558.1735909774577,UP ↑,0.570853993802567,0.1417079876051339,558.4163849381305
2026-01-11,NOC,Northrop Grumman,Defence,618.8200073242188,UP ↑,0.5479032331726882,0.0958064663453763,635.772681462463,UP ↑,0.558317764318078,0.116635528636156,636.0949174744464,UP ↑,0.5773945468707413,0.1547890937414826,636.6851722103945
2026-01-11,RTX,Raytheon Technologies,Defence,188.5,UP ↑,0.5130785888832459,0.0261571777664917,193.33576570022456,UP ↑,0.525201415188966,0.050402830377932,193.450023338156,UP ↑,0.5428462821738131,0.0856925643476262,193.6163262094882
2026-01-11,RR.L,Rolls-Royce,Defence,1293.5,UP ↑,0.5015274949083504,0.0030549898167007,1325.9362907331974,DOWN ↓,0.4566913194492321,0.0866173611015358,1258.361511085379,DOWN ↓,0.469168023803943,0.0616639523921138,1259.16844193952
2026-01-11,AMC,AMC Entertainment,Meme/Speculative,1.6399999856948853,DOWN ↓,0.4726679647542873,0.0546640704914253,1.596758759181914,UP ↑,0.5360533878397254,0.0721067756794509,1.6839563631143275,DOWN ↓,0.390579828169306,0.218840343661388,1.5900275320406596
2026-01-11,BB,BlackBerry,Meme/Speculative,3.839999914169312,DOWN ↓,0.4825087129648964,0.0349825740702071,3.740641589279404,DOWN ↓,0.4353726273303255,0.1292547453393489,3.731591461039853,UP ↑,0.6077164254490496,0.2154328508980991,3.956681465247493
2026-01-11,COIN,Coinbase Global,Meme/Speculative,240.77999877929688,DOWN ↓,0.4715358372248229,0.0569283255503542,234.4178187559014,UP ↑,0.513424087130535,0.02684817426107,246.96111133292447,DOWN ↓,0.4768786719416549,0.04624265611669,234.48214114273125
2026-01-11,GME,GameStop,Meme/Speculative,21.229999542236328,DOWN ↓,0.4834028264098728,0.0331943471802543,20.68163165429437,DOWN ↓,0.4401892476407723,0.1196215047184553,20.635760441420057,DOWN ↓,0.440081055519767,0.1198378889604658,20.63564559548609
2026-01-11,LCID,Lucid Group,Meme/Speculative,11.329999923706056,UP ↑,0.5091905236238267,0.0183810472476533,11.618456353396548,DOWN ↓,0.4687944876079474,0.0624110247841052,11.029072002962348,DOWN ↓,0.4653074052129325,0.0693851895741348,11.027096570798872
2026-01-11,MARA,Marathon Digital,Meme/Speculative,10.220000267028809,DOWN ↓,0.4950659715891808,0.0098680568216382,9.961978971769284,DOWN ↓,0.3614229525633708,0.2771540948732582,9.893687387262768,DOWN ↓,0.4402943254297673,0.1194113491404653,9.933990659850544
2026-01-11,NIO,NIO Inc,Meme/Speculative,4.639999866485596,DOWN ↓,0.4442086617540248,0.1115826764919503,4.511056279722837,DOWN ↓,0.4410972849175484,0.1178054301649031,4.510334440317545,DOWN ↓,0.3371648233357433,0.3256703533285133,4.48622210992439
2026-01-11,PLTR,Palantir Technologies,Meme/Speculative,177.49000549316406,DOWN ↓,0.4730630805101353,0.0538738389797294,172.8137036564237,UP ↑,0.5560518376118962,0.1121036752237925,182.42468767877503,UP ↑,0.7702514227048913,0.5405028454097827,184.3256019555145
2026-01-11,PLUG,Plug Power,Meme/Speculative,2.190000057220459,DOWN ↓,0.4440814437387222,0.1118371125225554,2.129126973719353,DOWN ↓,0.473927281674607,0.0521454366507859,2.1323950930587223,DOWN ↓,0.3689531449061096,0.2620937101877807,2.1209004247822385
2026-01-11,RIOT,Riot Platforms,Meme/Speculative,15.31999969482422,DOWN ↓,0.4342143739740101,0.1315712520519798,14.886607913921516,DOWN ↓,0.4698206608003946,0.0603586783992108,14.913882329087215,DOWN ↓,0.4220800451566318,0.1558399096867364,14.87731301823256
2026-01-11,RIVN,Rivian Automotive,Meme/Speculative,19.21999931335449,DOWN ↓,0.4899888574132466,0.0200222851735067,18.729878622838463,DOWN ↓,0.4335402610499256,0.1329194779001486,18.67563152367132,DOWN ↓,0.3836611781695547,0.2326776436608906,18.627697726735747
2026-01-11,HOOD,Robinhood Markets,Meme/Speculative,115.2699966430664,UP ↑,0.5448030070280071,0.0896060140560142,118.40996868262896,UP ↑,0.5303168496235404,0.0606336992470808,118.32647771685976,DOWN ↓,0.4843859860017526,0.0312280279964948,112.29825535993162
2026-01-11,SOFI,SoFi Technologies,Meme/Speculative,27.39999961853028,DOWN ↓,0.4810126582278481,0.0379746835443037,26.688986970201327,DOWN ↓,0.4869510278187887,0.0260979443624225,26.69712253642765,DOWN ↓,0.4272256339040881,0.1455487321918238,26.615298747903683
2026-01-11,TLRY,Tilray Brands,Meme/Speculative,9.18000030517578,DOWN ↓,0.4252562704761073,0.1494874590477852,8.91619292455442,DOWN ↓,0.4373719101813315,0.1252561796373369,8.921754003363988,DOWN ↓,0.3880345164504045,0.2239309670991909,8.899108138888664
2026-01-11,SPCE,Virgin Galactic,Meme/Speculative,3.180000066757202,DOWN ↓,0.4261525459520963,0.1476949080958074,3.088758319648163,DOWN ↓,0.4619759808142809,0.0760480383714382,3.094454245910824,DOWN ↓,0.4228188068285085,0.154362386342983,3.088228255116385
2026-01-11,AZN.L,AstraZeneca,Pharma,14216.0,UP ↑,0.5147152117558318,0.0294304235116635,14581.859572516045,UP ↑,0.5348600508905852,0.0697201017811703,14596.178524173029,DOWN ↓,0.4929504897740815,0.0140990204518369,13855.589208131418
2026-01-11,GSK.L,GSK,Pharma,1886.0,DOWN ↓,0.4931564313864625,0.0136871372270749,1838.204651479744,DOWN ↓,0.3509131258076851,0.2981737483846297,1824.7911077636647,DOWN ↓,0.4898938448966234,0.020212310206753,1837.896989573752
2026-01-11,JNJ,Johnson & Johnson,Pharma,204.38999938964844,UP ↑,0.5172703622982977,0.0345407245965954,209.67624384137005,UP ↑,0.5205516043508595,0.0411032087017189,209.70977649442605,UP ↑,0.5456072533047169,0.0912145066094338,209.96583269814536
2026-01-11,MRNA,Moderna,Pharma,34.29999923706055,DOWN ↓,0.4789168072123981,0.0421663855752038,33.40634158130756,UP ↑,0.5213815472033225,0.042763094406645,35.19416857062512,UP ↑,0.5341045064643261,0.0682090129286521,35.215988445272394
2026-01-11,PFE,Pfizer,Pharma,25.479999542236328,UP ↑,0.5192340274686602,0.0384680549373204,26.14150368134708,UP ↑,0.6866996185961263,0.3733992371922525,26.35485484061049,UP ↑,0.6893194238135362,0.3786388476270723,26.3581924723975
2026-01-11,GOOGL,Alphabet,Technology,328.57000732421875,UP ↑,0.5735138202756447,0.1470276405512893,337.9919793306442,UP ↑,0.5485471309760722,0.0970942619521444,337.5818140663432,UP ↑,0.5971019247166164,0.1942038494332327,338.37949651309094
2026-01-11,AMZN,Amazon,Technology,247.3800048828125,UP ↑,0.505522485399059,0.0110449707981179,253.632812628132,UP ↑,0.5350181773247457,0.0700363546494913,253.99764484876192,UP ↑,0.6210019859250733,0.2420039718501465,255.0611785983316
2026-01-11,AAPL,Apple,Technology,259.3699951171875,UP ↑,0.5432963636295107,0.0865927272590214,266.4157338762761,UP ↑,0.56743066142898,0.13486132285796,266.7287195113963,UP ↑,0.6420436829434144,0.2840873658868288,267.6963384626902
2026-01-11,MSFT,Microsoft,Technology,479.2799987792969,UP ↑,0.5502413710018378,0.1004827420036755,492.4659829604008,UP ↑,0.5943637610502396,0.1887275221004791,493.5233319128277,UP ↑,0.6406336656944215,0.2812673313888429,494.6321439048969
2026-01-11,NVDA,NVIDIA,Technology,184.8600006103516,UP ↑,0.5575006309938859,0.1150012619877718,190.01297895964169,UP ↑,0.5733668342885252,0.1467336685770504,190.1596302771782,UP ↑,0.7206786942738249,0.4413573885476498,191.521233803518
2026-01-12,BARC.L,Barclays,Banking,473.0499877929688,UP ↑,0.485881203445082,0.0282375931098359,484.54229266089527,UP ↑,0.4652911608675534,0.0694176782648932,484.05528669139744,UP ↑,0.4950632588617781,0.0098734822764436,484.7594712210344
2026-01-12,HSBA.L,HSBC,Banking,1202.4000244140625,UP ↑,0.510476114329029,0.0209522286580579,1233.0898490306636,UP ↑,0.5178376508166719,0.0356753016333437,1233.5324246132868,DOWN ↓,0.4990245400345609,0.0019509199308781,1172.2813791493982
2026-01-12,LLOY.L,Lloyds Banking,Banking,101.0,DOWN ↓,0.4561336762312197,0.0877326475375606,98.25347506496766,DOWN ↓,0.4890203908679446,0.0219592182641108,98.41955297388311,DOWN ↓,0.4656069822867164,0.0687860354265671,98.30131526054792
2026-01-12,NWG.L,NatWest Group,Banking,640.2000122070312,DOWN ↓,0.4963837586965714,0.0072324826068571,624.0792560155255,DOWN ↓,0.4945411494470804,0.0109177011058391,624.0202740923247,UP ↑,0.5084553617464634,0.0169107234929268,656.475668646872
2026-01-12,STAN.L,Standard Chartered,Banking,1824.0,UP ↑,0.5179426130119112,0.0358852260238224,1871.2363663066865,UP ↑,0.5423073562418737,0.0846147124837473,1873.4584308892588,UP ↑,0.5197620924357746,0.0395241848715492,1871.4023028301424
2026-01-12,BA.L,BAE Systems,Defence,2093.0,UP ↑,0.530633569797132,0.0612671395942641,2148.53080307927,UP ↑,0.5370010942384634,0.0740021884769268,2149.197164512055,UP ↑,0.5658275799223976,0.1316551598447952,2152.213856238879
2026-01-12,LMT,Lockheed Martin,Defence,546.3300170898438,UP ↑,0.5465173096522011,0.0930346193044022,561.2589576459529,UP ↑,0.5619099884862981,0.1238199769725962,561.6794317704774,UP ↑,0.570853993802567,0.1417079876051339,561.9237506993419
2026-01-12,NOC,Northrop Grumman,Defence,627.625,UP ↑,0.5479032331726882,0.0958064663453763,644.8188883360003,UP ↑,0.558317764318078,0.116635528636156,645.1457093415066,UP ↑,0.5773945468707413,0.1547890937414826,645.7443626239874
2026-01-12,RTX,Raytheon Technologies,Defence,191.7749938964844,UP ↑,0.5130785888832459,0.0261571777664917,196.69477605905945,UP ↑,0.525201415188966,0.050402830377932,196.81101880609884,UP ↑,0.5428462821738131,0.0856925643476262,196.980211019015
2026-01-12,RR.L,Rolls-Royce,Defence,1287.0,UP ↑,0.5015274949083504,0.0030549898167007,1319.2732942973523,DOWN ↓,0.4566913194492321,0.0866173611015358,1252.0380864065585,DOWN ↓,0.469168023803943,0.0616639523921138,1252.8409623317837
2026-01-12,AMC,AMC Entertainment,Meme/Speculative,1.725000023841858,DOWN ↓,0.4726679647542873,0.0546640704914253,1.6795176351732863,UP ↑,0.5360533878397254,0.0721067756794509,1.7712346291820598,DOWN ↓,0.390579828169306,0.218840343661388,1.672437533294975
2026-01-12,BB,BlackBerry,Meme/Speculative,4.004099845886231,DOWN ↓,0.4825087129648964,0.0349825740702071,3.900495506752995,DOWN ↓,0.4353726273303255,0.1292547453393489,3.8910586270917418,UP ↑,0.6077164254490496,0.2154328508980991,4.125767708160384
2026-01-12,COIN,Coinbase Global,Meme/Speculative,244.7749938964844,DOWN ↓,0.4715358372248229,0.0569283255503542,238.30725328559416,UP ↑,0.513424087130535,0.02684817426107,251.05866278616867,DOWN ↓,0.4768786719416549,0.04624265611669,238.3726429023543
2026-01-12,GME,GameStop,Meme/Speculative,21.20549964904785,DOWN ↓,0.4834028264098728,0.0331943471802543,20.657764589884625,DOWN ↓,0.4401892476407723,0.1196215047184553,20.611946313413508,DOWN ↓,0.440081055519767,0.1198378889604658,20.61183160001431
2026-01-12,LCID,Lucid Group,Meme/Speculative,11.467499732971191,UP ↑,0.5091905236238267,0.0183810472476533,11.759456842655576,DOWN ↓,0.4687944876079474,0.0624110247841052,11.162919779395756,DOWN ↓,0.4653074052129325,0.0693851895741348,11.160920373574074
2026-01-12,MARA,Marathon Digital,Meme/Speculative,10.691100120544434,DOWN ↓,0.4950659715891808,0.0098680568216382,10.42118510794394,DOWN ↓,0.3614229525633708,0.2771540948732582,10.3497455631031,DOWN ↓,0.4402943254297673,0.1194113491404653,10.391906650301072
2026-01-12,NIO,NIO Inc,Meme/Speculative,4.855000019073486,DOWN ↓,0.4442086617540248,0.1115826764919503,4.720081671184232,DOWN ↓,0.4410972849175484,0.1178054301649031,4.7193263844542095,DOWN ↓,0.3371648233357433,0.3256703533285133,4.6940967793061095
2026-01-12,PLTR,Palantir Technologies,Meme/Speculative,178.89500427246094,DOWN ↓,0.4730630805101353,0.0538738389797294,174.1816851492881,UP ↑,0.5560518376118962,0.1121036752237925,183.86874906572544,UP ↑,0.7702514227048913,0.5405028454097827,185.78471085024395
2026-01-12,PLUG,Plug Power,Meme/Speculative,2.400000095367432,DOWN ↓,0.4440814437387222,0.1118371125225554,2.333289865965253,DOWN ↓,0.473927281674607,0.0521454366507859,2.336871366659875,DOWN ↓,0.3689531449061096,0.2620937101877807,2.3242744697470994
2026-01-12,RIOT,Riot Platforms,Meme/Speculative,15.704999923706056,DOWN ↓,0.4342143739740101,0.1315712520519798,15.26071676302745,DOWN ↓,0.4698206608003946,0.0603586783992108,15.28867659962204,DOWN ↓,0.4220800451566318,0.1558399096867364,15.25118828136989
2026-01-12,RIVN,Rivian Automotive,Meme/Speculative,19.27499961853028,DOWN ↓,0.4899888574132466,0.0200222851735067,18.783476389589985,DOWN ↓,0.4335402610499256,0.1329194779001486,18.729074055921505,DOWN ↓,0.3836611781695547,0.2326776436608906,18.68100309074692
2026-01-12,HOOD,Robinhood Markets,Meme/Speculative,117.7699966430664,UP ↑,0.5448030070280071,0.0896060140560142,120.97806905850746,UP ↑,0.5303168496235404,0.0606336992470808,120.89276732306271,DOWN ↓,0.4843859860017526,0.0312280279964948,114.73380360818184
2026-01-12,SOFI,SoFi Technologies,Meme/Speculative,26.909900665283203,DOWN ↓,0.4810126582278481,0.0379746835443037,26.211605774601804,DOWN ↓,0.4869510278187887,0.0260979443624225,26.2195958213921,DOWN ↓,0.4272256339040881,0.1455487321918238,26.139235600520127
2026-01-12,TLRY,Tilray Brands,Meme/Speculative,9.739999771118164,DOWN ↓,0.4252562704761073,0.1494874590477852,9.460099581417447,DOWN ↓,0.4373719101813315,0.1252561796373369,9.46599989781524,DOWN ↓,0.3880345164504045,0.2239309670991909,9.4419725876329
2026-01-12,SPCE,Virgin Galactic,Meme/Speculative,3.1549999713897705,DOWN ↓,0.4261525459520963,0.1476949080958074,3.064475536334609,DOWN ↓,0.4619759808142809,0.0760480383714382,3.070126683132873,DOWN ↓,0.4228188068285085,0.154362386342983,3.063949638992632
2026-01-12,AZN.L,AstraZeneca,Pharma,14120.0,UP ↑,0.5147152117558318,0.0294304235116635,14483.388939499617,UP ↑,0.5348600508905852,0.0697201017811703,14497.611195928752,DOWN ↓,0.4929504897740815,0.0140990204518369,13762.0230457805
2026-01-12,GSK.L,GSK,Pharma,1877.0,DOWN ↓,0.4931564313864625,0.0136871372270749,1829.43273108562,DOWN ↓,0.3509131258076851,0.2981737483846297,1816.0831968570512,DOWN ↓,0.4898938448966234,0.020212310206753,1829.126537343548
2026-01-12,JNJ,Johnson & Johnson,Pharma,208.1450042724609,UP ↑,0.5172703622982977,0.0345407245965954,213.5283663609908,UP ↑,0.5205516043508595,0.0411032087017189,213.5625150680432,UP ↑,0.5456072533047169,0.0912145066094338,213.8232754759707
2026-01-12,MRNA,Moderna,Pharma,32.97999954223633,DOWN ↓,0.4789168072123981,0.0421663855752038,32.12073336925622,UP ↑,0.5213815472033225,0.042763094406645,33.83975770164113,UP ↑,0.5341045064643261,0.0682090129286521,33.86073786117132
2026-01-12,PFE,Pfizer,Pharma,25.27499961853028,UP ↑,0.5192340274686602,0.0384680549373204,25.931181610840195,UP ↑,0.6866996185961263,0.3733992371922525,26.142816248433377,UP ↑,0.6893194238135362,0.3786388476270723,26.146127027226907
2026-01-12,GOOGL,Alphabet,Technology,330.2101135253906,UP ↑,0.5735138202756447,0.1470276405512893,339.6791167104707,UP ↑,0.5485471309760722,0.0970942619521444,339.26690404507247,UP ↑,0.5971019247166164,0.1942038494332327,340.0685682427358
2026-01-12,AMZN,Amazon,Technology,247.9199981689453,UP ↑,0.505522485399059,0.0110449707981179,254.18645485167005,UP ↑,0.5350181773247457,0.0700363546494913,254.55208344608047,UP ↑,0.6210019859250733,0.2420039718501465,255.6179387296181
2026-01-12,AAPL,Apple,Technology,260.82000732421875,UP ↑,0.5432963636295107,0.0865927272590214,267.9051354012722,UP ↑,0.56743066142898,0.13486132285796,268.2198707877134,UP ↑,0.6420436829434144,0.2840873658868288,269.19289922860725
2026-01-12,MSFT,Microsoft,Technology,478.4700012207031,UP ↑,0.5502413710018378,0.1004827420036755,491.6337006934496,UP ↑,0.5943637610502396,0.1887275221004791,492.6892626944656,UP ↑,0.6406336656944215,0.2812673313888429,493.7962007610448
2026-01-12,NVDA,NVIDIA,Technology,186.72000122070312,UP ↑,0.5575006309938859,0.1150012619877718,191.9248271456892,UP ↑,0.5733668342885252,0.1467336685770504,192.07295402061632,UP ↑,0.7206786942738249,0.4413573885476498,193.4482575544303
2026-01-13,BARC.L,Barclays,Banking,477.3500061035156,UP ↑,0.485881203445082,0.0282375931098359,488.9467758750203,UP ↑,0.4652911608675534,0.0694176782648932,488.45534302751753,UP ↑,0.4950632588617781,0.0098734822764436,489.1659285854804
2026-01-13,HSBA.L,HSBC,Banking,1212.800048828125,UP ↑,0.510476114329029,0.0209522286580579,1243.755321647317,UP ↑,0.5178376508166719,0.0356753016333437,1244.2017252379,DOWN ↓,0.4990245400345609,0.0019509199308781,1182.4208957127362
2026-01-13,LLOY.L,Lloyds Banking,Banking,101.3499984741211,DOWN ↓,0.4561336762312197,0.0877326475375606,98.59395591991652,DOWN ↓,0.4890203908679446,0.0219592182641108,98.76060934382905,DOWN ↓,0.4656069822867164,0.0687860354265671,98.64196189762998
2026-01-13,NWG.L,NatWest Group,Banking,628.7999877929688,DOWN ↓,0.4963837586965714,0.0072324826068571,612.9662934737719,DOWN ↓,0.4945411494470804,0.0109177011058391,612.9083618400925,UP ↑,0.5084553617464634,0.0169107234929268,644.785824055941
2026-01-13,STAN.L,Standard Chartered,Banking,1832.0,UP ↑,0.5179426130119112,0.0358852260238224,1879.4435433518909,UP ↑,0.5423073562418737,0.0846147124837473,1881.6753538317555,UP ↑,0.5197620924357746,0.0395241848715492,1879.6102076671168
2026-01-13,BA.L,BAE Systems,Defence,2072.0,UP ↑,0.530633569797132,0.0612671395942641,2126.973637830983,UP ↑,0.5370010942384634,0.0740021884769268,2127.633313363105,UP ↑,0.5658275799223976,0.1316551598447952,2130.61973727996
2026-01-13,LMT,Lockheed Martin,Defence,556.885009765625,UP ↑,0.5465173096522011,0.0930346193044022,572.1023746317625,UP ↑,0.5619099884862981,0.1238199769725962,572.5309722369047,UP ↑,0.570853993802567,0.1417079876051339,572.7800113612994
2026-01-13,NOC,Northrop Grumman,Defence,624.0599975585938,UP ↑,0.5479032331726882,0.0958064663453763,641.1562220763983,UP ↑,0.558317764318078,0.116635528636156,641.4811866904566,UP ↑,0.5773945468707413,0.1547890937414826,642.0764395341187
2026-01-13,RTX,Raytheon Technologies,Defence,195.0399932861328,UP ↑,0.5130785888832459,0.0261571777664917,200.04353551268517,UP ↑,0.525201415188966,0.050402830377932,200.16175731074895,UP ↑,0.5428462821738131,0.0856925643476262,200.33383004766196
2026-01-13,RR.L,Rolls-Royce,Defence,1305.0,UP ↑,0.5015274949083504,0.0030549898167007,1337.7246690427698,DOWN ↓,0.4566913194492321,0.0866173611015358,1269.5491085940623,DOWN ↓,0.469168023803943,0.0616639523921138,1270.3632135532073
2026-01-13,AMC,AMC Entertainment,Meme/Speculative,1.636199951171875,DOWN ↓,0.4726679647542873,0.0546640704914253,1.5930589186558548,UP ↑,0.5360533878397254,0.0721067756794509,1.680054477522319,DOWN ↓,0.390579828169306,0.218840343661388,1.586343288402248
2026-01-13,BB,BlackBerry,Meme/Speculative,3.924999952316284,DOWN ↓,0.4825087129648964,0.0349825740702071,3.82344228846944,DOWN ↓,0.4353726273303255,0.1292547453393489,3.814191831776037,UP ↑,0.6077164254490496,0.2154328508980991,4.044264299361751
2026-01-13,COIN,Coinbase Global,Meme/Speculative,242.97999572753903,DOWN ↓,0.4715358372248229,0.0569283255503542,236.55968472687556,UP ↑,0.513424087130535,0.02684817426107,249.2175848524087,DOWN ↓,0.4768786719416549,0.04624265611669,236.62459482470896
2026-01-13,GME,GameStop,Meme/Speculative,20.959999084472656,DOWN ↓,0.4834028264098728,0.0331943471802543,20.418605270198142,DOWN ↓,0.4401892476407723,0.1196215047184553,20.373317441626288,DOWN ↓,0.440081055519767,0.1198378889604658,20.373204056288422
2026-01-13,LCID,Lucid Group,Meme/Speculative,10.90999984741211,UP ↑,0.5091905236238267,0.0183810472476533,11.187763274164093,DOWN ↓,0.4687944876079474,0.0624110247841052,10.62022724445502,DOWN ↓,0.4653074052129325,0.0693851895741348,10.618325041035146
2026-01-13,MARA,Marathon Digital,Meme/Speculative,10.755000114440918,DOWN ↓,0.4950659715891808,0.0098680568216382,10.483471837773743,DOWN ↓,0.3614229525633708,0.2771540948732582,10.411605303527905,DOWN ↓,0.4402943254297673,0.1194113491404653,10.454018384738117
2026-01-13,NIO,NIO Inc,Meme/Speculative,4.71999979019165,DOWN ↓,0.4442086617540248,0.1115826764919503,4.588833040196084,DOWN ↓,0.4410972849175484,0.1178054301649031,4.588098755295315,DOWN ↓,0.3371648233357433,0.3256703533285133,4.563570695452304
2026-01-13,PLTR,Palantir Technologies,Meme/Speculative,178.52499389648438,DOWN ↓,0.4730630805101353,0.0538738389797294,173.82142337969637,UP ↑,0.5560518376118962,0.1121036752237925,183.48845144227403,UP ↑,0.7702514227048913,0.5405028454097827,185.40045042334185
2026-01-13,PLUG,Plug Power,Meme/Speculative,2.345400094985962,DOWN ↓,0.4440814437387222,0.1118371125225554,2.2802075232529786,DOWN ↓,0.473927281674607,0.0521454366507859,2.283707544809467,DOWN ↓,0.3689531449061096,0.2620937101877807,2.271397227292072
2026-01-13,RIOT,Riot Platforms,Meme/Speculative,16.266399383544922,DOWN ↓,0.4342143739740101,0.1315712520519798,15.806234635624534,DOWN ↓,0.4698206608003946,0.0603586783992108,15.835193939728686,DOWN ↓,0.4220800451566318,0.1558399096867364,15.796365543684798
2026-01-13,RIVN,Rivian Automotive,Meme/Speculative,18.895000457763672,DOWN ↓,0.4899888574132466,0.0200222851735067,18.413167419131607,DOWN ↓,0.4335402610499256,0.1329194779001486,18.359837606425355,DOWN ↓,0.3836611781695547,0.2326776436608906,18.312714341732484
2026-01-13,HOOD,Robinhood Markets,Meme/Speculative,117.76000213623048,UP ↑,0.5448030070280071,0.0896060140560142,120.96780229980264,UP ↑,0.5303168496235404,0.0606336992470808,120.88250780345786,DOWN ↓,0.4843859860017526,0.0312280279964948,114.72406676673528
2026-01-13,SOFI,SoFi Technologies,Meme/Speculative,26.674999237060547,DOWN ↓,0.4810126582278481,0.0379746835443037,25.982799889769733,DOWN ↓,0.4869510278187887,0.0260979443624225,25.99072018998512,DOWN ↓,0.4272256339040881,0.1455487321918238,25.911061448129733
2026-01-13,TLRY,Tilray Brands,Meme/Speculative,9.625,DOWN ↓,0.4252562704761073,0.1494874590477852,9.348404580166626,DOWN ↓,0.4373719101813315,0.1252561796373369,9.354235231774766,DOWN ↓,0.3880345164504045,0.2239309670991909,9.330491611041758
2026-01-13,SPCE,Virgin Galactic,Meme/Speculative,3.115000009536743,DOWN ↓,0.4261525459520963,0.1476949080958074,3.02562326829515,DOWN ↓,0.4619759808142809,0.0760480383714382,3.031202768292017,DOWN ↓,0.4228188068285085,0.154362386342983,3.025104038425062
2026-01-13,AZN.L,AstraZeneca,Pharma,14008.0,UP ↑,0.5147152117558318,0.0294304235116635,14368.506534313785,UP ↑,0.5348600508905852,0.0697201017811703,14382.615979643766,DOWN ↓,0.4929504897740815,0.0140990204518369,13652.862523037766
2026-01-13,GSK.L,GSK,Pharma,1858.0,DOWN ↓,0.4931564313864625,0.0136871372270749,1810.9142324758025,DOWN ↓,0.3509131258076851,0.2981737483846297,1797.699829387534,DOWN ↓,0.4898938448966234,0.020212310206753,1810.6111381908963
2026-01-13,JNJ,Johnson & Johnson,Pharma,213.2700042724609,UP ↑,0.5172703622982977,0.0345407245965954,218.7859168913297,UP ↑,0.5205516043508595,0.0411032087017189,218.8209064166581,UP ↑,0.5456072533047169,0.0912145066094338,219.08808733463005
2026-01-13,MRNA,Moderna,Pharma,39.13999938964844,DOWN ↓,0.4789168072123981,0.0421663855752038,38.1202395972653,UP ↑,0.5213815472033225,0.042763094406645,40.16034306161404,UP ↑,0.5341045064643261,0.0682090129286521,40.18524189249955
2026-01-13,PFE,Pfizer,Pharma,25.054399490356445,UP ↑,0.5192340274686602,0.0384680549373204,25.70485432801577,UP ↑,0.6866996185961263,0.3733992371922525,25.914641819065583,UP ↑,0.6893194238135362,0.3786388476270723,25.917923701390777
2026-01-13,GOOGL,Alphabet,Technology,338.29998779296875,UP ↑,0.5735138202756447,0.1470276405512893,348.0009737128862,UP ↑,0.5485471309760722,0.0970942619521444,347.57866217862244,UP ↑,0.5971019247166164,0.1942038494332327,348.3999664851082
2026-01-13,AMZN,Amazon,Technology,242.6300048828125,UP ↑,0.505522485399059,0.0110449707981179,248.7627510378497,UP ↑,0.5350181773247457,0.0700363546494913,249.1205780316473,UP ↑,0.6210019859250733,0.2420039718501465,250.16369062667437
2026-01-13,AAPL,Apple,Technology,260.0599975585937,UP ↑,0.5432963636295107,0.0865927272590214,267.12448010854786,UP ↑,0.56743066142898,0.13486132285796,267.43829837988824,UP ↑,0.6420436829434144,0.2840873658868288,268.4084914895324
2026-01-13,MSFT,Microsoft,Technology,468.7300109863281,UP ↑,0.5502413710018378,0.1004827420036755,481.62574318006926,UP ↑,0.5943637610502396,0.1887275221004791,482.65981759867583,UP ↑,0.6406336656944215,0.2812673313888429,483.7442222442861
2026-01-13,NVDA,NVIDIA,Technology,185.0200042724609,UP ↑,0.5575006309938859,0.1150012619877718,190.17744272888032,UP ↑,0.5733668342885252,0.1467336685770504,190.32422097894843,UP ↑,0.7206786942738249,0.4413573885476498,191.68700302714169
2026-01-14,BARC.L,Barclays,Banking,479.7999877929688,UP ↑,0.485881203445082,0.0282375931098359,491.45627756705795,UP ↑,0.4652911608675534,0.0694176782648932,490.9623224581902,UP ↑,0.4950632588617781,0.0098734822764436,491.6765550709002
2026-01-14,HSBA.L,HSBC,Banking,1213.0,UP ↑,0.510476114329029,0.0209522286580579,1243.9603763340556,UP ↑,0.5178376508166719,0.0356753016333437,1244.4068535220313,DOWN ↓,0.4990245400345609,0.0019509199308781,1182.6158383530963
2026-01-14,LLOY.L,Lloyds Banking,Banking,101.0,DOWN ↓,0.4561336762312197,0.0877326475375606,98.25347506496766,DOWN ↓,0.4890203908679446,0.0219592182641108,98.41955297388311,DOWN ↓,0.4656069822867164,0.0687860354265671,98.30131526054792
2026-01-14,NWG.L,NatWest Group,Banking,630.0,DOWN ↓,0.4963837586965714,0.0072324826068571,614.136088398942,DOWN ↓,0.4945411494470804,0.0109177011058391,614.078046207583,UP ↑,0.5084553617464634,0.0169107234929268,646.0163438950136
2026-01-14,STAN.L,Standard Chartered,Banking,1836.5,UP ↑,0.5179426130119112,0.0358852260238224,1884.0600804398186,UP ↑,0.5423073562418737,0.0846147124837473,1886.29737298691,UP ↑,0.5197620924357746,0.0395241848715492,1884.227154137915
2026-01-14,BA.L,BAE Systems,Defence,2038.0,UP ↑,0.530633569797132,0.0612671395942641,2092.071560762328,UP ↑,0.5370010942384634,0.0740021884769268,2092.7204115028994,UP ↑,0.5658275799223976,0.1316551598447952,2095.6578303940923
2026-01-14,LMT,Lockheed Martin,Defence,574.3400268554688,UP ↑,0.5465173096522011,0.0930346193044022,590.0343651705999,UP ↑,0.5619099884862981,0.1238199769725962,590.4763967493476,UP ↑,0.570853993802567,0.1417079876051339,590.7332417620246
2026-01-14,NOC,Northrop Grumman,Defence,647.8900146484375,UP ↑,0.5479032331726882,0.0958064663453763,665.6390663367464,UP ↑,0.558317764318078,0.116635528636156,665.9764398735635,UP ↑,0.5773945468707413,0.1547890937414826,666.594422719938
2026-01-14,RTX,Raytheon Technologies,Defence,196.33999633789065,UP ↑,0.5130785888832459,0.0261571777664917,201.37688875100997,UP ↑,0.525201415188966,0.050402830377932,201.49589853463348,UP ↑,0.5428462821738131,0.0856925643476262,201.66911819059285
2026-01-14,RR.L,Rolls-Royce,Defence,1275.0,UP ↑,0.5015274949083504,0.0030549898167007,1306.9723778004072,DOWN ↓,0.4566913194492321,0.0866173611015358,1240.3640716148886,DOWN ↓,0.469168023803943,0.0616639523921138,1241.1594615175013
2026-01-14,AMC,AMC Entertainment,Meme/Speculative,1.565000057220459,DOWN ↓,0.4726679647542873,0.0546640704914253,1.523736323953773,UP ↑,0.5360533878397254,0.0721067756794509,1.6069462363525786,DOWN ↓,0.390579828169306,0.218840343661388,1.517312927031142
2026-01-14,BB,BlackBerry,Meme/Speculative,3.8450000286102295,DOWN ↓,0.4825087129648964,0.0349825740702071,3.745512327937454,DOWN ↓,0.4353726273303255,0.1292547453393489,3.7364504154067784,UP ↑,0.6077164254490496,0.2154328508980991,3.961833512272154
2026-01-14,COIN,Coinbase Global,Meme/Speculative,255.38900756835935,DOWN ↓,0.4715358372248229,0.0569283255503542,248.64081066502953,UP ↑,0.513424087130535,0.02684817426107,261.94515097205726,DOWN ↓,0.4768786719416549,0.04624265611669,248.7090357278262
2026-01-14,GME,GameStop,Meme/Speculative,20.88999938964844,DOWN ↓,0.4834028264098728,0.0331943471802543,20.350413657598846,DOWN ↓,0.4401892476407723,0.1196215047184553,20.305277075893294,DOWN ↓,0.440081055519767,0.1198378889604658,20.30516406922621
2026-01-14,LCID,Lucid Group,Meme/Speculative,10.800000190734863,UP ↑,0.5091905236238267,0.0183810472476533,11.07496307834775,DOWN ↓,0.4687944876079474,0.0624110247841052,10.513149208977184,DOWN ↓,0.4653074052129325,0.0693851895741348,10.511266184450621
2026-01-14,MARA,Marathon Digital,Meme/Speculative,11.09000015258789,DOWN ↓,0.4950659715891808,0.0098680568216382,10.81001422998175,DOWN ↓,0.3614229525633708,0.2771540948732582,10.735909174912322,DOWN ↓,0.4402943254297673,0.1194113491404653,10.779643351768481
2026-01-14,NIO,NIO Inc,Meme/Speculative,4.577600002288818,DOWN ↓,0.4442086617540248,0.1115826764919503,4.450390480727474,DOWN ↓,0.4410972849175484,0.1178054301649031,4.449678348796786,DOWN ↓,0.3371648233357433,0.3256703533285133,4.425890286978048
2026-01-14,PLTR,Palantir Technologies,Meme/Speculative,175.35000610351562,DOWN ↓,0.4730630805101353,0.0538738389797294,170.73008650107985,UP ↑,0.5560518376118962,0.1121036752237925,180.2251907594715,UP ↑,0.7702514227048913,0.5405028454097827,182.10318568714283
2026-01-14,PLUG,Plug Power,Meme/Speculative,2.3534998893737797,DOWN ↓,0.4440814437387222,0.1118371125225554,2.288082176340692,DOWN ↓,0.473927281674607,0.0521454366507859,2.291594285154711,DOWN ↓,0.3689531449061096,0.2620937101877807,2.2792414541911223
2026-01-14,RIOT,Riot Platforms,Meme/Speculative,17.56999969482422,DOWN ↓,0.4342143739740101,0.1315712520519798,17.07295703099359,DOWN ↓,0.4698206608003946,0.0603586783992108,17.10423715342726,DOWN ↓,0.4220800451566318,0.1558399096867364,17.062297023312677
2026-01-14,RIVN,Rivian Automotive,Meme/Speculative,17.179800033569336,DOWN ↓,0.4899888574132466,0.0200222851735067,16.741705561342705,DOWN ↓,0.4335402610499256,0.1329194779001486,16.693216781457828,DOWN ↓,0.3836611781695547,0.2326776436608906,16.6503711479707
2026-01-14,HOOD,Robinhood Markets,Meme/Speculative,118.48799896240234,UP ↑,0.5448030070280071,0.0896060140560142,121.71562986897476,UP ↑,0.5303168496235404,0.0606336992470808,121.62980807879929,DOWN ↓,0.4843859860017526,0.0312280279964948,115.43329532462113
2026-01-14,SOFI,SoFi Technologies,Meme/Speculative,26.393999099731445,DOWN ↓,0.4810126582278481,0.0379746835443037,25.709091528156137,DOWN ↓,0.4869510278187887,0.0260979443624225,25.716928394237993,DOWN ↓,0.4272256339040881,0.1455487321918238,25.638108794577207
2026-01-14,TLRY,Tilray Brands,Meme/Speculative,9.699999809265137,DOWN ↓,0.4252562704761073,0.1494874590477852,9.421249105927233,DOWN ↓,0.4373719101813315,0.1252561796373369,9.427125191068722,DOWN ↓,0.3880345164504045,0.2239309670991909,9.403196555579742
2026-01-14,SPCE,Virgin Galactic,Meme/Speculative,3.075000047683716,DOWN ↓,0.4261525459520963,0.1476949080958074,2.9867710002556915,DOWN ↓,0.4619759808142809,0.0760480383714382,2.9922788534511624,DOWN ↓,0.4228188068285085,0.154362386342983,2.986258437857492
2026-01-14,AZN.L,AstraZeneca,Pharma,14346.0,UP ↑,0.5147152117558318,0.0294304235116635,14715.205221392456,UP ↑,0.5348600508905852,0.0697201017811703,14729.655114503816,DOWN ↓,0.4929504897740815,0.0140990204518369,13982.293386314948
2026-01-14,GSK.L,GSK,Pharma,1880.5,DOWN ↓,0.4931564313864625,0.0136871372270749,1832.844033461112,DOWN ↓,0.3509131258076851,0.2981737483846297,1819.4696066540675,DOWN ↓,0.4898938448966234,0.020212310206753,1832.537268766405
2026-01-14,JNJ,Johnson & Johnson,Pharma,217.00999450683597,UP ↑,0.5172703622982977,0.0345407245965954,222.6226364308811,UP ↑,0.5205516043508595,0.0411032087017189,222.6582395468712,UP ↑,0.5456072533047169,0.0912145066094338,222.9301058589633
2026-01-14,MRNA,Moderna,Pharma,40.56999969482422,DOWN ↓,0.4789168072123981,0.0421663855752038,39.51298244620567,UP ↑,0.5213815472033225,0.042763094406645,41.62762215537051,UP ↑,0.5341045064643261,0.0682090129286521,41.65343067803732
2026-01-14,PFE,Pfizer,Pharma,25.604999542236328,UP ↑,0.5192340274686602,0.0384680549373204,26.269748894018758,UP ↑,0.6866996185961263,0.3733992371922525,26.484146713226714,UP ↑,0.6893194238135362,0.3786388476270723,26.487500718796337
2026-01-14,GOOGL,Alphabet,Technology,333.82501220703125,UP ↑,0.5735138202756447,0.1470276405512893,343.39767510975213,UP ↑,0.5485471309760722,0.0970942619521444,342.98094984174224,UP ↑,0.5971019247166164,0.1942038494332327,343.79139007239957
2026-01-14,AMZN,Amazon,Technology,236.63499450683597,UP ↑,0.505522485399059,0.0110449707981179,242.61621003461036,UP ↑,0.5350181773247457,0.0700363546494913,242.9651956794509,UP ↑,0.6210019859250733,0.2420039718501465,243.98253458324166
2026-01-14,AAPL,Apple,Technology,257.3699951171875,UP ↑,0.5432963636295107,0.0865927272590214,264.3614042399131,UP ↑,0.56743066142898,0.13486132285796,264.67197644525345,UP ↑,0.6420436829434144,0.2840873658868288,265.6321340943959
2026-01-14,MSFT,Microsoft,Technology,459.739990234375,UP ↑,0.5502413710018378,0.1004827420036755,472.3883883609217,UP ↑,0.5943637610502396,0.1887275221004791,473.40262971942013,UP ↑,0.6406336656944215,0.2812673313888429,474.4662359948833
2026-01-14,NVDA,NVIDIA,Technology,181.72979736328125,UP ↑,0.5575006309938859,0.1150012619877718,186.79552119830225,UP ↑,0.5733668342885252,0.1467336685770504,186.93968929378522,UP ↑,0.7206786942738249,0.4413573885476498,188.27823701700208
