ticker,news_count,sentiment_compound,sentiment_positive,sentiment_negative,sentiment_neutral,date
AAPL,10,0.31108,0.0970999999999999,0.0,0.9029,2025-12-07
AAPL,10,-0.1942299999999999,0.0,0.073,0.927,2025-12-14
AAPL,10,0.08558,0.0718999999999999,0.0498,0.8783,2025-12-21
AAPL,10,0.1180099999999999,0.0733999999999999,0.0337,0.893,2025-12-28
AAPL,10,0.0400103415103415,0.2,0.3,0.5,2026-01-08
AAPL,10,0.1728799999999999,0.0767,0.0252,0.8981,2026-01-09
AMC,10,0.02433,0.0722,0.086,0.8417999999999999,2025-12-07
AMC,10,0.37814,0.143,0.042,0.8150000000000001,2025-12-14
AMC,10,0.20491,0.1766,0.0796,0.7438,2025-12-21
AMC,10,0.2537999999999999,0.1537,0.0765,0.7697,2025-12-28
AMC,10,-0.023030303030303,0.1,0.1,0.8,2026-01-08
AMC,10,0.10496,0.1473,0.0945,0.7581,2026-01-09
AMZN,10,0.32543,0.1417999999999999,0.0309,0.8272999999999999,2025-12-07
AMZN,10,0.13756,0.1266999999999999,0.0447,0.8285,2025-12-14
AMZN,10,0.31727,0.1599,0.0383,0.8016,2025-12-21
AMZN,10,0.25287,0.119,0.0577,0.8233,2025-12-28
AMZN,10,0.1342222222222222,0.4,0.1,0.5,2026-01-08
AMZN,10,0.45231,0.1754,0.0196,0.805,2026-01-09
AZN.L,10,0.42257,0.1679,0.024,0.8080999999999999,2025-12-07
AZN.L,10,0.1991699999999999,0.0970999999999999,0.0326,0.8703,2025-12-14
AZN.L,10,0.27104,0.1636,0.0718999999999999,0.7645,2025-12-21
AZN.L,10,0.09305,0.0672,0.0417,0.8911,2025-12-28
AZN.L,10,0.0683030303030303,0.3,0.1,0.6,2026-01-08
AZN.L,10,0.24291,0.0743,0.0127,0.913,2026-01-09
BA.L,10,0.39556,0.1674,0.03,0.8026,2025-12-07
BA.L,10,0.4271399999999999,0.1626,0.0533,0.7842,2025-12-14
BA.L,10,0.28878,0.1286999999999999,0.0124,0.8589,2025-12-21
BA.L,10,0.58544,0.2234,0.013,0.7635,2025-12-28
BA.L,10,0.0386666666666666,0.1,0.0,0.9,2026-01-08
BA.L,10,0.4931,0.148,0.0,0.852,2026-01-09
BARC.L,10,0.27393,0.1044,0.0087999999999999,0.8868,2025-12-07
BARC.L,10,0.32311,0.1261,0.0145999999999999,0.8593,2025-12-14
BARC.L,10,0.4764899999999999,0.1927,0.0482,0.7592000000000001,2025-12-21
BARC.L,10,0.55375,0.1778,0.008,0.8141999999999999,2025-12-28
BARC.L,10,0.0653333333333333,0.2,0.0,0.8,2026-01-08
BARC.L,10,0.0276,0.0656,0.0629,0.8714999999999999,2026-01-09
BB,10,0.13477,0.0798,0.0365,0.8836999999999999,2025-12-07
BB,10,0.22746,0.0588999999999999,0.0,0.9411,2025-12-14
BB,10,0.1239099999999999,0.0699999999999999,0.0246,0.9054,2025-12-21
BB,9,0.478511111111111,0.1618888888888889,0.0726666666666666,0.7657777777777777,2025-12-28
BB,10,0.0167619047619047,0.2,0.1,0.7,2026-01-08
BB,10,0.27049,0.1006,0.0139,0.8855000000000001,2026-01-09
COIN,10,0.1799599999999999,0.0612,0.0113,0.9276,2025-12-07
COIN,10,0.05574,0.0191,0.0091,0.9717,2025-12-14
COIN,10,0.27132,0.0668,0.0203,0.913,2025-12-21
COIN,10,0.21008,0.0906,0.0188,0.8906000000000001,2025-12-28
COIN,10,0.0376388888888888,0.2,0.0,0.8,2026-01-08
COIN,10,0.1866399999999999,0.0662,0.0272,0.9066,2026-01-09
GME,10,-0.2124,0.0221,0.0894,0.8885,2025-12-07
GME,10,-0.0415899999999999,0.0294,0.0342,0.9364,2025-12-14
GME,10,-0.1718599999999999,0.0103,0.0616,0.9281,2025-12-21
GME,10,0.2146199999999999,0.0838,0.0321,0.8840999999999999,2025-12-28
GME,10,0.1451111111111111,0.4,0.0,0.6,2026-01-08
GME,10,0.2192,0.0798,0.046,0.8742000000000001,2026-01-09
GOOGL,10,0.09486,0.0504,0.0295999999999999,0.92,2025-12-07
GOOGL,10,0.26952,0.0938,0.0079,0.8983000000000001,2025-12-14
GOOGL,10,-0.06836,0.0356,0.0392,0.9252,2025-12-21
GOOGL,10,0.28339,0.1004999999999999,0.02,0.8795,2025-12-28
GOOGL,10,0.0730666666666666,0.3,0.0,0.7,2026-01-08
GOOGL,10,0.27437,0.0839,0.0209999999999999,0.8952,2026-01-09
GSK.L,10,0.27264,0.1117999999999999,0.0606,0.8276,2025-12-07
GSK.L,10,0.11792,0.0789,0.0363,0.8848,2025-12-14
GSK.L,10,0.36411,0.1464,0.029,0.8246,2025-12-21
GSK.L,10,0.2192299999999999,0.09,0.0328,0.8772,2025-12-28
GSK.L,10,0.0744444444444444,0.3,0.0,0.7,2026-01-08
GSK.L,10,0.2385499999999999,0.107,0.0152,0.8778,2026-01-09
HOOD,10,0.0086299999999999,0.015,0.0127,0.9723,2025-12-07
HOOD,10,0.0615799999999999,0.0446,0.0314,0.924,2025-12-14
HOOD,10,0.0583899999999999,0.0678,0.021,0.9112,2025-12-21
HOOD,10,-0.04954,0.0359,0.0473,0.9168,2025-12-28
HOOD,10,0.012,0.1,0.1,0.8,2026-01-08
HOOD,10,-0.14917,0.0085,0.0443,0.9472,2026-01-09
HSBA.L,10,0.1622499999999999,0.0593,0.012,0.9287,2025-12-07
HSBA.L,10,0.04965,0.0382,0.0217999999999999,0.94,2025-12-14
HSBA.L,10,0.10891,0.0397,0.0149,0.9454,2025-12-21
HSBA.L,10,0.24436,0.1207999999999999,0.0364,0.8427,2025-12-28
HSBA.L,10,0.0653333333333333,0.3,0.0,0.7,2026-01-08
HSBA.L,10,0.5129400000000001,0.1405,0.0,0.8595,2026-01-09
JNJ,10,0.1733199999999999,0.123,0.0584999999999999,0.8185,2025-12-07
JNJ,10,0.26993,0.1,0.0199,0.8801,2025-12-14
JNJ,10,0.31625,0.0974,0.0066,0.8960000000000001,2025-12-21
JNJ,10,-0.05922,0.0161,0.0353,0.9486,2025-12-28
JNJ,10,0.1329797979797979,0.4,0.0,0.6,2026-01-08
JNJ,10,-0.12481,0.025,0.0608999999999999,0.9141,2026-01-09
LCID,10,-0.0242,0.0601,0.053,0.8868,2025-12-07
LCID,10,0.12014,0.0688999999999999,0.043,0.8881,2025-12-14
LCID,10,0.0380399999999999,0.0472999999999999,0.0319,0.9208,2025-12-21
LCID,10,-0.18969,0.0165,0.0567999999999999,0.9267,2025-12-28
LCID,10,0.0158888888888888,0.1,0.0,0.9,2026-01-08
LCID,10,-0.04505,0.0659,0.0672,0.8669,2026-01-09
LLOY.L,10,0.50403,0.1644,0.0186,0.817,2025-12-07
LLOY.L,10,0.27911,0.1076,0.0335,0.8589,2025-12-14
LLOY.L,10,0.1393599999999999,0.0975,0.038,0.8644999999999999,2025-12-21
LLOY.L,10,0.3694,0.1485,0.0426,0.8089000000000001,2025-12-28
LLOY.L,10,0.0506666666666666,0.1,0.0,0.9,2026-01-08
LLOY.L,10,0.38521,0.1146,0.0189,0.8664,2026-01-09
LMT,10,0.4345299999999999,0.1621,0.021,0.8169000000000001,2025-12-07
LMT,10,0.4674699999999999,0.1616,0.022,0.8164,2025-12-14
LMT,10,0.0323599999999999,0.0611,0.0526,0.8863,2025-12-21
LMT,10,0.36028,0.106,0.0086,0.8855000000000001,2025-12-28
LMT,10,0.0071111111111111,0.1,0.1,0.8,2026-01-08
LMT,10,0.23798,0.0769,0.0,0.9231,2026-01-09
MARA,10,0.32854,0.1322,0.0331,0.8347,2025-12-07
MARA,10,0.1435199999999999,0.035,0.0,0.965,2025-12-14
MARA,10,0.17012,0.0506,0.0042,0.9452,2025-12-21
MARA,10,-0.18253,0.0129,0.0847,0.9024,2025-12-28
MARA,10,0.0248888888888888,0.2,0.1,0.7,2026-01-08
MARA,10,0.04044,0.0421,0.0298,0.9281,2026-01-09
MRNA,10,0.17342,0.0557,0.0196,0.9247,2025-12-07
MRNA,10,0.15192,0.0598999999999999,0.0175999999999999,0.9225,2025-12-14
MRNA,10,-0.09065,0.0212,0.0398,0.939,2025-12-21
MRNA,10,0.17492,0.1018,0.0364,0.8619,2025-12-28
MRNA,10,0.1094444444444444,0.2,0.0,0.8,2026-01-08
MRNA,10,-0.09775,0.044,0.0705,0.8855000000000001,2026-01-09
MSFT,10,0.10796,0.1082,0.0823,0.8095000000000001,2025-12-07
MSFT,10,0.13502,0.0809,0.0224,0.8967,2025-12-14
MSFT,10,0.10402,0.0538,0.041,0.9052,2025-12-21
MSFT,10,0.00632,0.0691,0.0495,0.8814,2025-12-28
MSFT,10,0.1446464646464646,0.5,0.0,0.5,2026-01-08
MSFT,10,0.22437,0.0839,0.0301999999999999,0.8859,2026-01-09
NIO,10,0.0148999999999999,0.0507,0.0382,0.9111,2025-12-07
NIO,10,0.028,0.0297,0.0309,0.9394,2025-12-14
NIO,10,-0.01542,0.0645,0.0716,0.8638999999999999,2025-12-21
NIO,10,0.0286099999999999,0.0288,0.0237999999999999,0.9474,2025-12-28
NIO,10,0.0117407407407407,0.2,0.2,0.6,2026-01-08
NIO,10,0.23043,0.0603,0.0,0.9397,2026-01-09
NOC,10,0.1468799999999999,0.0854999999999999,0.0283,0.8861000000000001,2025-12-07
NOC,10,0.3142999999999999,0.0882,0.0,0.9118,2025-12-14
NOC,10,0.4467299999999999,0.1551,0.0245,0.8204,2025-12-21
NOC,10,0.0151499999999999,0.037,0.0328,0.9302,2025-12-28
NOC,10,0.0333333333333333,0.2,0.1,0.7,2026-01-08
NOC,10,0.2105,0.0893,0.0254,0.8854,2026-01-09
NVDA,10,0.22652,0.0771,0.0311,0.8919,2025-12-07
NVDA,10,0.0325699999999999,0.0655,0.0544,0.8802,2025-12-14
NVDA,10,-0.18642,0.026,0.0828,0.8912000000000001,2025-12-21
NVDA,10,0.0583399999999999,0.0576999999999999,0.0331,0.9092,2025-12-28
NVDA,10,0.0829629629629629,0.3,0.2,0.5,2026-01-08
NVDA,10,0.08922,0.0514,0.0211,0.9275,2026-01-09
NWG.L,10,0.26647,0.1254,0.0209,0.8537000000000001,2025-12-07
NWG.L,10,0.2482999999999999,0.0965,0.0195,0.8839,2025-12-14
NWG.L,10,0.36618,0.1132,0.0,0.8868,2025-12-21
NWG.L,10,0.2835499999999999,0.109,0.0265,0.8646,2025-12-28
NWG.L,10,0.0514285714285714,0.2,0.0,0.8,2026-01-08
NWG.L,10,0.28966,0.0996,0.0243,0.8762000000000001,2026-01-09
PFE,10,0.0670299999999999,0.0776,0.0554,0.8669,2025-12-07
PFE,10,-0.09451,0.0688,0.0955,0.8356999999999999,2025-12-14
PFE,10,-0.00411,0.072,0.0792,0.8488,2025-12-21
PFE,10,-0.03946,0.0384,0.0494,0.9123,2025-12-28
PFE,10,0.1702337662337662,0.5,0.0,0.5,2026-01-08
PFE,10,-0.07367,0.0598999999999999,0.076,0.8641,2026-01-09
PLTR,10,0.10854,0.0862,0.0424999999999999,0.8714000000000001,2025-12-07
PLTR,10,-0.0075899999999999,0.0646,0.044,0.8914,2025-12-14
PLTR,10,0.15133,0.0897999999999999,0.0395,0.8705999999999999,2025-12-21
PLTR,10,-0.05844,0.0395,0.0638,0.8967,2025-12-28
PLTR,10,0.1049090909090909,0.3,0.0,0.7,2026-01-08
PLTR,10,-0.14984,0.0295,0.0499,0.9206,2026-01-09
PLUG,10,-0.00683,0.0469,0.0346,0.9185,2025-12-07
PLUG,10,-0.02563,0.0228999999999999,0.0211,0.956,2025-12-14
PLUG,10,-0.02599,0.0404,0.0369,0.9227,2025-12-21
PLUG,10,-0.17109,0.0135,0.0581,0.9284,2025-12-28
PLUG,10,0.21408658008658,0.6,0.0,0.4,2026-01-08
PLUG,10,-0.06726,0.0665,0.0679,0.8657,2026-01-09
RIOT,10,-0.38069,0.0172,0.1356,0.8472,2025-12-07
RIOT,10,-0.45335,0.0169,0.1561,0.827,2025-12-14
RIOT,10,-0.78518,0.0346,0.2476999999999999,0.7176,2025-12-21
RIOT,10,-0.22814,0.0927,0.1492,0.7581,2025-12-28
RIOT,10,0.025015873015873,0.1,0.1,0.8,2026-01-08
RIOT,10,-0.68559,0.0662,0.2386,0.6952,2026-01-09
RIVN,10,-0.08062,0.0,0.0178,0.9822,2025-12-07
RIVN,10,0.1240899999999999,0.0566999999999999,0.0125,0.9308,2025-12-14
RIVN,10,0.0378499999999999,0.0264,0.0116,0.962,2025-12-21
RIVN,10,0.0468099999999999,0.0259,0.0087999999999999,0.9653,2025-12-28
RIVN,10,0.252,0.6,0.0,0.4,2026-01-08
RIVN,10,-0.15885,0.0349,0.0746,0.8905,2026-01-09
RR.L,10,0.40697,0.1268999999999999,0.019,0.8539999999999999,2025-12-07
RR.L,10,0.5393,0.2185,0.0198,0.7618,2025-12-14
RR.L,10,0.2712299999999999,0.1609,0.0283,0.8108000000000001,2025-12-21
RR.L,10,0.49077,0.1517,0.0143,0.8339000000000001,2025-12-28
RR.L,10,0.0558545454545454,0.3,0.0,0.7,2026-01-08
RR.L,10,0.4239799999999999,0.1407999999999999,0.0173,0.8419000000000001,2026-01-09
RTX,9,0.2152333333333333,0.1216666666666666,0.0286666666666666,0.8496666666666667,2025-12-07
RTX,10,-0.15039,0.0443,0.0942,0.8615999999999999,2025-12-14
RTX,9,0.2862222222222222,0.104,0.0123333333333333,0.8836666666666667,2025-12-21
RTX,4,0.338375,0.08925,0.01675,0.894,2025-12-28
RTX,10,0.045547619047619,0.3,0.0,0.7,2026-01-08
RTX,10,-0.16231,0.0437,0.0773,0.8789999999999999,2026-01-09
SOFI,10,0.07436,0.0450999999999999,0.0256,0.9293,2025-12-07
SOFI,10,0.1166199999999999,0.061,0.0336,0.9054,2025-12-14
SOFI,10,0.38684,0.1351,0.0159,0.849,2025-12-21
SOFI,10,0.10288,0.0505,0.022,0.9275,2025-12-28
SOFI,10,0.1041771094402673,0.5,0.1,0.4,2026-01-08
SOFI,10,0.11614,0.0678,0.0423,0.8898999999999999,2026-01-09
SPCE,10,0.0761099999999999,0.0624,0.0441,0.8936,2025-12-07
SPCE,10,-0.06405,0.0242,0.0586,0.9173,2025-12-14
SPCE,10,-0.02919,0.0254,0.0221,0.9525,2025-12-21
SPCE,6,0.5799333333333333,0.1483333333333333,0.0426666666666666,0.8088333333333333,2025-12-28
SPCE,10,0.0632575757575757,0.2,0.0,0.8,2026-01-08
SPCE,10,-0.14637,0.0393,0.078,0.8827,2026-01-09
STAN.L,10,0.1048699999999999,0.0655,0.044,0.8905,2025-12-07
STAN.L,10,0.33709,0.1230999999999999,0.0189,0.858,2025-12-14
STAN.L,10,0.10234,0.0681,0.0282,0.9037,2025-12-21
STAN.L,10,0.14254,0.0849999999999999,0.0346,0.8803000000000001,2025-12-28
STAN.L,10,0.0140972222222222,0.1,0.0,0.9,2026-01-08
STAN.L,10,0.3719599999999999,0.1374,0.0329,0.8297000000000001,2026-01-09
TLRY,10,-0.20959,0.0219,0.0653,0.9128,2025-12-07
TLRY,10,0.02418,0.0561,0.0396,0.9043,2025-12-14
TLRY,10,-0.04563,0.032,0.0359,0.9321,2025-12-21
TLRY,10,0.15793,0.0765,0.0203,0.9032,2025-12-28
TLRY,10,0.1146666666666666,0.5,0.1,0.4,2026-01-08
TLRY,10,0.11033,0.0527,0.0308,0.9165,2026-01-09
AZN.L,10,0.24291,0.0743,0.0127,0.913,2026-01-07
LLOY.L,10,0.34556,0.1062999999999999,0.0189,0.8747,2026-01-07
RR.L,10,0.4239799999999999,0.1402,0.0173,0.8425,2026-01-07
GSK.L,10,0.31505,0.1309,0.0152,0.8539,2026-01-07
NWG.L,10,0.27418,0.1002999999999999,0.0243,0.8755000000000001,2026-01-07
BA.L,10,0.4931,0.148,0.0,0.852,2026-01-07
STAN.L,10,0.3719599999999999,0.1374,0.0329,0.8297000000000001,2026-01-07
BARC.L,10,0.00553,0.0656,0.0681,0.8663000000000001,2026-01-07
HSBA.L,10,0.5129400000000001,0.1405,0.0,0.8595,2026-01-07
AMZN,10,0.4677,0.1852,0.0196,0.7952,2026-01-07
MARA,10,0.02021,0.0356,0.0298,0.9346,2026-01-07
GOOGL,10,0.3042999999999999,0.0997,0.0206,0.8797,2026-01-07
LMT,10,0.23798,0.0769,0.0,0.9231,2026-01-07
MSFT,10,0.2801099999999999,0.1006,0.0301999999999999,0.8692,2026-01-07
AMC,10,0.03227,0.1473,0.1173,0.7353,2026-01-07
NVDA,10,0.14568,0.064,0.0321,0.9039,2026-01-07
GME,10,0.19897,0.0798,0.0548,0.8654,2026-01-07
JNJ,10,-0.10782,0.0374,0.0608999999999999,0.9017,2026-01-07
AAPL,10,0.1539299999999999,0.0818,0.0305,0.8877,2026-01-07
PFE,10,-0.07367,0.0598999999999999,0.076,0.8641,2026-01-07
PLUG,10,-0.06726,0.0665,0.0679,0.8657,2026-01-07
RTX,10,-0.16231,0.0437,0.0773,0.8789999999999999,2026-01-07
BB,10,0.27049,0.1006,0.0139,0.8855000000000001,2026-01-07
NOC,10,0.2105,0.0893,0.0254,0.8854,2026-01-07
RIOT,10,-0.6963600000000001,0.0541999999999999,0.2443,0.7015,2026-01-07
SPCE,10,-0.14637,0.0393,0.078,0.8827,2026-01-07
TLRY,10,0.11033,0.0527,0.0308,0.9165,2026-01-07
NIO,10,0.31953,0.0865,0.0073999999999999,0.906,2026-01-07
MRNA,10,-0.09775,0.044,0.0705,0.8855000000000001,2026-01-07
LCID,10,-0.0290999999999999,0.0235,0.0281999999999999,0.9483,2026-01-07
PLTR,10,0.02933,0.0561,0.043,0.9009,2026-01-07
SOFI,10,0.11614,0.0678,0.0423,0.8898999999999999,2026-01-07
COIN,10,0.1866399999999999,0.0662,0.0272,0.9066,2026-01-07
HOOD,10,-0.14917,0.0085,0.0443,0.9472,2026-01-07
RIVN,10,-0.15885,0.0349,0.0746,0.8905,2026-01-07
AZN.L,10,0.24291,0.0743,0.0127,0.913,2026-01-06
LLOY.L,10,0.34556,0.1083,0.0189,0.8727,2026-01-06
RR.L,10,0.4239799999999999,0.1402,0.0173,0.8425,2026-01-06
GSK.L,10,0.31505,0.1309,0.0152,0.8539,2026-01-06
NWG.L,10,0.28966,0.0996,0.0243,0.8762000000000001,2026-01-06
BA.L,10,0.4931,0.148,0.0,0.852,2026-01-06
STAN.L,10,0.3719599999999999,0.1374,0.0329,0.8297000000000001,2026-01-06
BARC.L,10,0.00553,0.0656,0.0681,0.8663000000000001,2026-01-06
HSBA.L,10,0.5129400000000001,0.1405,0.0,0.8595,2026-01-06
AMZN,10,0.4677,0.1852,0.0196,0.7952,2026-01-06
MARA,10,0.02021,0.0356,0.0298,0.9346,2026-01-06
GOOGL,10,0.3042999999999999,0.0997,0.0206,0.8797,2026-01-06
LMT,10,0.23798,0.0769,0.0,0.9231,2026-01-06
MSFT,10,0.2801099999999999,0.1006,0.0301999999999999,0.8692,2026-01-06
AMC,10,0.03227,0.1473,0.1173,0.7353,2026-01-06
NVDA,10,0.14568,0.064,0.0321,0.9039,2026-01-06
GME,10,0.19897,0.0798,0.0548,0.8654,2026-01-06
JNJ,10,-0.10782,0.0374,0.0608999999999999,0.9017,2026-01-06
AAPL,10,0.1539299999999999,0.0818,0.0305,0.8877,2026-01-06
PFE,10,-0.07367,0.0598999999999999,0.076,0.8641,2026-01-06
PLUG,10,-0.06726,0.0665,0.0679,0.8657,2026-01-06
RTX,10,-0.16231,0.0437,0.0773,0.8789999999999999,2026-01-06
BB,10,0.27049,0.1006,0.0139,0.8855000000000001,2026-01-06
NOC,10,0.2105,0.0893,0.0254,0.8854,2026-01-06
RIOT,10,-0.6963600000000001,0.0541999999999999,0.2443,0.7015,2026-01-06
SPCE,10,-0.14637,0.0393,0.078,0.8827,2026-01-06
TLRY,10,0.11033,0.0527,0.0308,0.9165,2026-01-06
NIO,10,0.31953,0.0865,0.0073999999999999,0.906,2026-01-06
MRNA,10,-0.09775,0.044,0.0705,0.8855000000000001,2026-01-06
LCID,10,-0.0290999999999999,0.0235,0.0281999999999999,0.9483,2026-01-06
PLTR,10,0.02933,0.0561,0.043,0.9009,2026-01-06
SOFI,10,0.11614,0.0678,0.0423,0.8898999999999999,2026-01-06
COIN,10,0.1866399999999999,0.0662,0.0272,0.9066,2026-01-06
HOOD,10,-0.14917,0.0085,0.0443,0.9472,2026-01-06
RIVN,10,-0.15885,0.0349,0.0746,0.8905,2026-01-06
AZN.L,10,0.24291,0.0743,0.0127,0.913,2026-01-05
LLOY.L,10,0.34556,0.1083,0.0189,0.8727,2026-01-05
RR.L,10,0.4239799999999999,0.1402,0.0173,0.8425,2026-01-05
GSK.L,10,0.31505,0.1309,0.0152,0.8539,2026-01-05
NWG.L,10,0.28966,0.0996,0.0243,0.8762000000000001,2026-01-05
BA.L,10,0.4931,0.148,0.0,0.852,2026-01-05
STAN.L,10,0.3719599999999999,0.1374,0.0329,0.8297000000000001,2026-01-05
BARC.L,10,0.00553,0.0656,0.0681,0.8663000000000001,2026-01-05
HSBA.L,10,0.5129400000000001,0.1405,0.0,0.8595,2026-01-05
AMZN,10,0.4677,0.1852,0.0196,0.7952,2026-01-05
MARA,10,0.02021,0.0356,0.0298,0.9346,2026-01-05
GOOGL,10,0.3042999999999999,0.0997,0.0206,0.8797,2026-01-05
LMT,10,0.23798,0.0769,0.0,0.9231,2026-01-05
MSFT,10,0.2801099999999999,0.1006,0.0301999999999999,0.8692,2026-01-05
AMC,10,0.03227,0.1473,0.1173,0.7353,2026-01-05
NVDA,10,0.14568,0.064,0.0321,0.9039,2026-01-05
GME,10,0.1988899999999999,0.0798,0.0556,0.8646,2026-01-05
JNJ,10,-0.10782,0.0374,0.0608999999999999,0.9017,2026-01-05
AAPL,10,0.1539299999999999,0.0818,0.0305,0.8877,2026-01-05
PFE,10,-0.07367,0.0598999999999999,0.076,0.8641,2026-01-05
PLUG,10,-0.06726,0.0665,0.0679,0.8657,2026-01-05
RTX,10,-0.16231,0.0437,0.0773,0.8789999999999999,2026-01-05
BB,10,0.27049,0.1006,0.0139,0.8855000000000001,2026-01-05
NOC,10,0.2105,0.0893,0.0254,0.8854,2026-01-05
RIOT,10,-0.6963600000000001,0.0541999999999999,0.2443,0.7015,2026-01-05
SPCE,10,-0.14637,0.0393,0.078,0.8827,2026-01-05
TLRY,10,0.11033,0.0527,0.0308,0.9165,2026-01-05
NIO,10,0.31953,0.0865,0.0073999999999999,0.906,2026-01-05
MRNA,10,-0.09775,0.044,0.0705,0.8855000000000001,2026-01-05
LCID,10,-0.0290999999999999,0.0235,0.0281999999999999,0.9483,2026-01-05
PLTR,10,0.02933,0.0561,0.043,0.9009,2026-01-05
SOFI,10,0.11614,0.0678,0.0423,0.8898999999999999,2026-01-05
COIN,10,0.1866399999999999,0.0662,0.0272,0.9066,2026-01-05
HOOD,10,-0.14917,0.0085,0.0443,0.9472,2026-01-05
RIVN,10,-0.15885,0.0349,0.0746,0.8905,2026-01-05
AZN.L,10,0.24291,0.0743,0.0127,0.913,2026-01-04
LLOY.L,10,0.34556,0.1083,0.0189,0.8727,2026-01-04
RR.L,10,0.4239799999999999,0.1402,0.0173,0.8425,2026-01-04
GSK.L,10,0.31505,0.1309,0.0152,0.8539,2026-01-04
NWG.L,10,0.28966,0.0996,0.0243,0.8762000000000001,2026-01-04
BA.L,10,0.4931,0.148,0.0,0.852,2026-01-04
STAN.L,10,0.3719599999999999,0.1374,0.0329,0.8297000000000001,2026-01-04
BARC.L,10,0.00553,0.0656,0.0681,0.8663000000000001,2026-01-04
HSBA.L,10,0.5129400000000001,0.1405,0.0,0.8595,2026-01-04
AMZN,10,0.4677,0.1852,0.0196,0.7952,2026-01-04
MARA,10,0.02021,0.0356,0.0298,0.9346,2026-01-04
GOOGL,10,0.3042999999999999,0.0997,0.0206,0.8797,2026-01-04
LMT,10,0.23798,0.0769,0.0,0.9231,2026-01-04
MSFT,10,0.2801099999999999,0.1006,0.0301999999999999,0.8692,2026-01-04
AMC,10,0.03227,0.1473,0.1173,0.7353,2026-01-04
NVDA,10,0.14568,0.064,0.0321,0.9039,2026-01-04
GME,10,0.1988899999999999,0.0798,0.0556,0.8646,2026-01-04
JNJ,10,-0.10782,0.0374,0.0608999999999999,0.9017,2026-01-04
AAPL,10,0.1539299999999999,0.0818,0.0305,0.8877,2026-01-04
PFE,10,-0.07367,0.0598999999999999,0.076,0.8641,2026-01-04
PLUG,10,-0.06726,0.0665,0.0679,0.8657,2026-01-04
RTX,10,-0.16231,0.0437,0.0773,0.8789999999999999,2026-01-04
BB,10,0.27049,0.1006,0.0139,0.8855000000000001,2026-01-04
NOC,10,0.2105,0.0893,0.0254,0.8854,2026-01-04
RIOT,10,-0.6963600000000001,0.0541999999999999,0.2443,0.7015,2026-01-04
SPCE,10,-0.14637,0.0393,0.078,0.8827,2026-01-04
TLRY,10,0.11033,0.0527,0.0308,0.9165,2026-01-04
NIO,10,0.31953,0.0865,0.0073999999999999,0.906,2026-01-04
MRNA,10,-0.09775,0.044,0.0705,0.8855000000000001,2026-01-04
LCID,10,-0.0290999999999999,0.0235,0.0281999999999999,0.9483,2026-01-04
PLTR,10,0.02933,0.0561,0.043,0.9009,2026-01-04
SOFI,10,0.11614,0.0678,0.0423,0.8898999999999999,2026-01-04
COIN,10,0.1866399999999999,0.0662,0.0272,0.9066,2026-01-04
HOOD,10,-0.14917,0.0085,0.0443,0.9472,2026-01-04
RIVN,10,-0.15885,0.0349,0.0746,0.8905,2026-01-04
AZN.L,10,0.24291,0.0743,0.0127,0.913,2026-01-03
LLOY.L,10,0.34556,0.1083,0.0189,0.8727,2026-01-03
RR.L,10,0.4239799999999999,0.1402,0.0173,0.8425,2026-01-03
GSK.L,10,0.31505,0.1309,0.0152,0.8539,2026-01-03
NWG.L,10,0.28966,0.0996,0.0243,0.8762000000000001,2026-01-03
BA.L,10,0.4931,0.148,0.0,0.852,2026-01-03
STAN.L,10,0.3719599999999999,0.1374,0.0329,0.8297000000000001,2026-01-03
BARC.L,10,0.00553,0.0656,0.0681,0.8663000000000001,2026-01-03
HSBA.L,10,0.5129400000000001,0.1405,0.0,0.8595,2026-01-03
AMZN,10,0.4677,0.1852,0.0196,0.7952,2026-01-03
MARA,10,0.02021,0.0356,0.0298,0.9346,2026-01-03
GOOGL,10,0.3042999999999999,0.0997,0.0206,0.8797,2026-01-03
LMT,10,0.23798,0.0769,0.0,0.9231,2026-01-03
MSFT,10,0.2801099999999999,0.1006,0.0301999999999999,0.8692,2026-01-03
AMC,10,0.03227,0.1473,0.1173,0.7353,2026-01-03
NVDA,10,0.14568,0.064,0.0321,0.9039,2026-01-03
GME,10,0.1988899999999999,0.0798,0.0556,0.8646,2026-01-03
JNJ,10,-0.10782,0.0374,0.0608999999999999,0.9017,2026-01-03
AAPL,10,0.1539299999999999,0.0818,0.0305,0.8877,2026-01-03
PFE,10,-0.07367,0.0598999999999999,0.076,0.8641,2026-01-03
PLUG,10,-0.06726,0.0665,0.0679,0.8657,2026-01-03
RTX,10,-0.16231,0.0437,0.0773,0.8789999999999999,2026-01-03
BB,10,0.27049,0.1006,0.0139,0.8855000000000001,2026-01-03
NOC,10,0.2105,0.0893,0.0254,0.8854,2026-01-03
RIOT,10,-0.6963600000000001,0.0541999999999999,0.2443,0.7015,2026-01-03
SPCE,10,-0.14637,0.0393,0.078,0.8827,2026-01-03
TLRY,10,0.11033,0.0527,0.0308,0.9165,2026-01-03
NIO,10,0.31953,0.0865,0.0073999999999999,0.906,2026-01-03
MRNA,10,-0.09775,0.044,0.0705,0.8855000000000001,2026-01-03
LCID,10,-0.0290999999999999,0.0235,0.0281999999999999,0.9483,2026-01-03
PLTR,10,0.02933,0.0561,0.043,0.9009,2026-01-03
SOFI,10,0.11614,0.0678,0.0423,0.8898999999999999,2026-01-03
COIN,10,0.1866399999999999,0.0662,0.0272,0.9066,2026-01-03
HOOD,10,-0.14917,0.0085,0.0443,0.9472,2026-01-03
RIVN,10,-0.15885,0.0349,0.0746,0.8905,2026-01-03
AZN.L,10,0.24291,0.0743,0.0127,0.913,2026-01-02
LLOY.L,10,0.34556,0.1083,0.0189,0.8727,2026-01-02
RR.L,10,0.4239799999999999,0.1402,0.0173,0.8425,2026-01-02
GSK.L,10,0.31505,0.1309,0.0152,0.8539,2026-01-02
NWG.L,10,0.28966,0.0996,0.0243,0.8762000000000001,2026-01-02
BA.L,10,0.4931,0.148,0.0,0.852,2026-01-02
STAN.L,10,0.3719599999999999,0.1374,0.0329,0.8297000000000001,2026-01-02
BARC.L,10,0.00553,0.0656,0.0681,0.8663000000000001,2026-01-02
HSBA.L,10,0.5129400000000001,0.1405,0.0,0.8595,2026-01-02
AMZN,10,0.4677,0.1852,0.0196,0.7952,2026-01-02
MARA,10,0.02021,0.0356,0.0298,0.9346,2026-01-02
GOOGL,10,0.3042999999999999,0.0997,0.0206,0.8797,2026-01-02
LMT,10,0.23798,0.0769,0.0,0.9231,2026-01-02
MSFT,10,0.2801099999999999,0.1006,0.0301999999999999,0.8692,2026-01-02
AMC,10,0.03227,0.1473,0.1173,0.7353,2026-01-02
NVDA,10,0.21376,0.0906,0.0321,0.8773,2026-01-02
GME,10,0.1988899999999999,0.0798,0.0556,0.8646,2026-01-02
JNJ,10,-0.10782,0.0374,0.0608999999999999,0.9017,2026-01-02
AAPL,10,0.1539299999999999,0.0818,0.0305,0.8877,2026-01-02
PFE,10,-0.07367,0.0598999999999999,0.076,0.8641,2026-01-02
PLUG,10,-0.06726,0.0665,0.0679,0.8657,2026-01-02
RTX,10,-0.16231,0.0437,0.0773,0.8789999999999999,2026-01-02
BB,10,0.27049,0.1006,0.0139,0.8855000000000001,2026-01-02
NOC,10,0.2105,0.0893,0.0254,0.8854,2026-01-02
RIOT,10,-0.6963600000000001,0.0541999999999999,0.2443,0.7015,2026-01-02
SPCE,10,-0.14637,0.0393,0.078,0.8827,2026-01-02
TLRY,10,0.11033,0.0527,0.0308,0.9165,2026-01-02
NIO,10,0.31953,0.0865,0.0073999999999999,0.906,2026-01-02
MRNA,10,-0.09775,0.044,0.0705,0.8855000000000001,2026-01-02
LCID,10,-0.0290999999999999,0.0235,0.0281999999999999,0.9483,2026-01-02
PLTR,10,0.02933,0.0561,0.043,0.9009,2026-01-02
SOFI,10,0.11614,0.0678,0.0423,0.8898999999999999,2026-01-02
COIN,10,0.1866399999999999,0.0662,0.0272,0.9066,2026-01-02
HOOD,10,-0.14917,0.0085,0.0443,0.9472,2026-01-02
RIVN,10,-0.15885,0.0349,0.0746,0.8905,2026-01-02
AZN.L,10,0.24291,0.0743,0.0127,0.913,2026-01-01
LLOY.L,10,0.34556,0.1083,0.0189,0.8727,2026-01-01
RR.L,10,0.4239799999999999,0.1402,0.0173,0.8425,2026-01-01
GSK.L,10,0.31505,0.1309,0.0152,0.8539,2026-01-01
NWG.L,10,0.28966,0.0996,0.0243,0.8762000000000001,2026-01-01
BA.L,10,0.4931,0.148,0.0,0.852,2026-01-01
STAN.L,10,0.3719599999999999,0.1374,0.0329,0.8297000000000001,2026-01-01
BARC.L,10,0.00553,0.0656,0.0681,0.8663000000000001,2026-01-01
HSBA.L,10,0.5129400000000001,0.1405,0.0,0.8595,2026-01-01
AMZN,10,0.4677,0.1852,0.0196,0.7952,2026-01-01
MARA,10,0.02021,0.0356,0.0298,0.9346,2026-01-01
GOOGL,10,0.3042999999999999,0.0997,0.0206,0.8797,2026-01-01
LMT,10,0.23798,0.0769,0.0,0.9231,2026-01-01
MSFT,10,0.2801099999999999,0.1006,0.0301999999999999,0.8692,2026-01-01
AMC,10,0.03227,0.1473,0.1173,0.7353,2026-01-01
NVDA,10,0.21376,0.0906,0.0321,0.8773,2026-01-01
GME,10,0.1988899999999999,0.0798,0.0556,0.8646,2026-01-01
JNJ,10,-0.10782,0.0374,0.0608999999999999,0.9017,2026-01-01
AAPL,10,0.1539299999999999,0.0818,0.0305,0.8877,2026-01-01
PFE,10,-0.07367,0.0598999999999999,0.076,0.8641,2026-01-01
PLUG,10,-0.06726,0.0665,0.0679,0.8657,2026-01-01
RTX,10,-0.16231,0.0437,0.0773,0.8789999999999999,2026-01-01
BB,10,0.27049,0.1006,0.0139,0.8855000000000001,2026-01-01
NOC,10,0.2105,0.0893,0.0254,0.8854,2026-01-01
RIOT,10,-0.6963600000000001,0.0541999999999999,0.2443,0.7015,2026-01-01
SPCE,10,-0.14637,0.0393,0.078,0.8827,2026-01-01
TLRY,10,0.11033,0.0527,0.0308,0.9165,2026-01-01
NIO,10,0.31953,0.0865,0.0073999999999999,0.906,2026-01-01
MRNA,10,-0.09775,0.044,0.0705,0.8855000000000001,2026-01-01
LCID,10,-0.0290999999999999,0.0235,0.0281999999999999,0.9483,2026-01-01
PLTR,10,0.02933,0.0561,0.043,0.9009,2026-01-01
SOFI,10,0.11614,0.0678,0.0423,0.8898999999999999,2026-01-01
COIN,10,0.1866399999999999,0.0662,0.0272,0.9066,2026-01-01
HOOD,10,-0.14917,0.0085,0.0443,0.9472,2026-01-01
RIVN,10,-0.15885,0.0349,0.0746,0.8905,2026-01-01
AZN.L,10,0.24291,0.0743,0.0127,0.913,2025-12-31
LLOY.L,10,0.34556,0.1083,0.0189,0.8727,2025-12-31
RR.L,10,0.4239799999999999,0.1402,0.0173,0.8425,2025-12-31
GSK.L,10,0.31505,0.1309,0.0152,0.8539,2025-12-31
NWG.L,10,0.28966,0.0996,0.0243,0.8762000000000001,2025-12-31
BA.L,10,0.4931,0.148,0.0,0.852,2025-12-31
STAN.L,10,0.3719599999999999,0.1374,0.0329,0.8297000000000001,2025-12-31
BARC.L,10,0.00553,0.0656,0.0681,0.8663000000000001,2025-12-31
HSBA.L,10,0.5129400000000001,0.1405,0.0,0.8595,2025-12-31
AMZN,10,0.4677,0.1852,0.0196,0.7952,2025-12-31
MARA,10,0.02021,0.0356,0.0298,0.9346,2025-12-31
GOOGL,10,0.3042999999999999,0.0997,0.0206,0.8797,2025-12-31
LMT,10,0.23798,0.0769,0.0,0.9231,2025-12-31
MSFT,10,0.2801099999999999,0.1006,0.0301999999999999,0.8692,2025-12-31
AMC,10,0.03227,0.1473,0.1173,0.7353,2025-12-31
NVDA,10,0.21376,0.0906,0.0321,0.8773,2025-12-31
GME,10,0.1988899999999999,0.0798,0.0556,0.8646,2025-12-31
JNJ,10,-0.10782,0.0374,0.0608999999999999,0.9017,2025-12-31
AAPL,10,0.1539299999999999,0.0818,0.0305,0.8877,2025-12-31
PFE,10,-0.07367,0.0598999999999999,0.076,0.8641,2025-12-31
PLUG,10,-0.06726,0.0665,0.0679,0.8657,2025-12-31
RTX,10,-0.16231,0.0437,0.0773,0.8789999999999999,2025-12-31
BB,10,0.27049,0.1006,0.0139,0.8855000000000001,2025-12-31
NOC,10,0.2105,0.0893,0.0254,0.8854,2025-12-31
RIOT,10,-0.6963600000000001,0.0541999999999999,0.2443,0.7015,2025-12-31
SPCE,10,-0.14637,0.0393,0.078,0.8827,2025-12-31
TLRY,10,0.11033,0.0527,0.0308,0.9165,2025-12-31
NIO,10,0.31953,0.0865,0.0073999999999999,0.906,2025-12-31
MRNA,10,-0.09775,0.044,0.0705,0.8855000000000001,2025-12-31
LCID,10,-0.0290999999999999,0.0235,0.0281999999999999,0.9483,2025-12-31
PLTR,10,0.02933,0.0561,0.043,0.9009,2025-12-31
SOFI,10,0.11614,0.0678,0.0423,0.8898999999999999,2025-12-31
COIN,10,0.1866399999999999,0.0662,0.0272,0.9066,2025-12-31
HOOD,10,-0.14917,0.0085,0.0443,0.9472,2025-12-31
RIVN,10,-0.15885,0.0349,0.0746,0.8905,2025-12-31
BA.L,0,0.0,0.0,0.0,1.0,2016-01-07
AZN.L,0,0.0,0.0,0.0,1.0,2016-01-07
NWG.L,0,0.0,0.0,0.0,1.0,2016-01-07
STAN.L,0,0.0,0.0,0.0,1.0,2016-01-07
HSBA.L,0,0.0,0.0,0.0,1.0,2016-01-07
RR.L,0,0.0,0.0,0.0,1.0,2016-01-07
LLOY.L,0,0.0,0.0,0.0,1.0,2016-01-07
BARC.L,0,0.0,0.0,0.0,1.0,2016-01-07
GSK.L,0,0.0,0.0,0.0,1.0,2016-01-07
SLB,0,0.0,0.0,0.0,1.0,2016-01-07
AAPL,0,0.0,0.0,0.0,1.0,2016-01-07
JPM,0,0.0,0.0,0.0,1.0,2016-01-07
LMT,0,0.0,0.0,0.0,1.0,2016-01-07
GME,0,0.0,0.0,0.0,1.0,2016-01-07
AVGO,0,0.0,0.0,0.0,1.0,2016-01-07
COP,0,0.0,0.0,0.0,1.0,2016-01-07
HON,0,0.0,0.0,0.0,1.0,2016-01-07
GE,0,0.0,0.0,0.0,1.0,2016-01-07
CAT,0,0.0,0.0,0.0,1.0,2016-01-07
AMD,0,0.0,0.0,0.0,1.0,2016-01-07
TSM,0,0.0,0.0,0.0,1.0,2016-01-07
AMZN,0,0.0,0.0,0.0,1.0,2016-01-07
MARA,0,0.0,0.0,0.0,1.0,2016-01-07
NOC,0,0.0,0.0,0.0,1.0,2016-01-07
BAC,0,0.0,0.0,0.0,1.0,2016-01-07
COST,0,0.0,0.0,0.0,1.0,2016-01-07
NVDA,0,0.0,0.0,0.0,1.0,2016-01-07
BLK,0,0.0,0.0,0.0,1.0,2016-01-07
CVX,0,0.0,0.0,0.0,1.0,2016-01-07
WMT,0,0.0,0.0,0.0,1.0,2016-01-07
JNJ,0,0.0,0.0,0.0,1.0,2016-01-07
GOOGL,0,0.0,0.0,0.0,1.0,2016-01-07
QCOM,0,0.0,0.0,0.0,1.0,2016-01-07
OXY,0,0.0,0.0,0.0,1.0,2016-01-07
MSFT,0,0.0,0.0,0.0,1.0,2016-01-07
INTC,0,0.0,0.0,0.0,1.0,2016-01-07
PFE,0,0.0,0.0,0.0,1.0,2016-01-07
MMM,0,0.0,0.0,0.0,1.0,2016-01-07
XOM,0,0.0,0.0,0.0,1.0,2016-01-07
PG,0,0.0,0.0,0.0,1.0,2016-01-07
UPS,0,0.0,0.0,0.0,1.0,2016-01-07
PEP,0,0.0,0.0,0.0,1.0,2016-01-07
GS,0,0.0,0.0,0.0,1.0,2016-01-07
AMC,0,0.0,0.0,0.0,1.0,2016-01-07
BB,0,0.0,0.0,0.0,1.0,2016-01-07
RTX,0,0.0,0.0,0.0,1.0,2016-01-07
PLUG,0,0.0,0.0,0.0,1.0,2016-01-07
MS,0,0.0,0.0,0.0,1.0,2016-01-07
KO,0,0.0,0.0,0.0,1.0,2016-01-07
RIOT,0,0.0,0.0,0.0,1.0,2016-01-07
SPCE,0,0.0,0.0,0.0,1.0,2016-01-07
TLRY,0,0.0,0.0,0.0,1.0,2016-01-07
NIO,0,0.0,0.0,0.0,1.0,2016-01-07
MRNA,0,0.0,0.0,0.0,1.0,2016-01-07
LCID,0,0.0,0.0,0.0,1.0,2016-01-07
PLTR,0,0.0,0.0,0.0,1.0,2016-01-07
SOFI,0,0.0,0.0,0.0,1.0,2016-01-07
COIN,0,0.0,0.0,0.0,1.0,2016-01-07
HOOD,0,0.0,0.0,0.0,1.0,2016-01-07
RIVN,0,0.0,0.0,0.0,1.0,2016-01-07
BA.L,0,0.0,0.0,0.0,1.0,2016-01-14
AZN.L,0,0.0,0.0,0.0,1.0,2016-01-14
NWG.L,0,0.0,0.0,0.0,1.0,2016-01-14
STAN.L,0,0.0,0.0,0.0,1.0,2016-01-14
HSBA.L,0,0.0,0.0,0.0,1.0,2016-01-14
RR.L,0,0.0,0.0,0.0,1.0,2016-01-14
LLOY.L,0,0.0,0.0,0.0,1.0,2016-01-14
BARC.L,0,0.0,0.0,0.0,1.0,2016-01-14
GSK.L,0,0.0,0.0,0.0,1.0,2016-01-14
SLB,0,0.0,0.0,0.0,1.0,2016-01-14
AAPL,0,0.0,0.0,0.0,1.0,2016-01-14
JPM,0,0.0,0.0,0.0,1.0,2016-01-14
LMT,0,0.0,0.0,0.0,1.0,2016-01-14
GME,0,0.0,0.0,0.0,1.0,2016-01-14
AVGO,0,0.0,0.0,0.0,1.0,2016-01-14
COP,0,0.0,0.0,0.0,1.0,2016-01-14
HON,0,0.0,0.0,0.0,1.0,2016-01-14
GE,0,0.0,0.0,0.0,1.0,2016-01-14
CAT,0,0.0,0.0,0.0,1.0,2016-01-14
AMD,0,0.0,0.0,0.0,1.0,2016-01-14
TSM,0,0.0,0.0,0.0,1.0,2016-01-14
AMZN,0,0.0,0.0,0.0,1.0,2016-01-14
MARA,0,0.0,0.0,0.0,1.0,2016-01-14
NOC,0,0.0,0.0,0.0,1.0,2016-01-14
BAC,0,0.0,0.0,0.0,1.0,2016-01-14
COST,0,0.0,0.0,0.0,1.0,2016-01-14
NVDA,0,0.0,0.0,0.0,1.0,2016-01-14
BLK,0,0.0,0.0,0.0,1.0,2016-01-14
CVX,0,0.0,0.0,0.0,1.0,2016-01-14
WMT,0,0.0,0.0,0.0,1.0,2016-01-14
JNJ,0,0.0,0.0,0.0,1.0,2016-01-14
GOOGL,0,0.0,0.0,0.0,1.0,2016-01-14
QCOM,0,0.0,0.0,0.0,1.0,2016-01-14
OXY,0,0.0,0.0,0.0,1.0,2016-01-14
MSFT,0,0.0,0.0,0.0,1.0,2016-01-14
INTC,0,0.0,0.0,0.0,1.0,2016-01-14
PFE,0,0.0,0.0,0.0,1.0,2016-01-14
MMM,0,0.0,0.0,0.0,1.0,2016-01-14
XOM,0,0.0,0.0,0.0,1.0,2016-01-14
PG,0,0.0,0.0,0.0,1.0,2016-01-14
UPS,0,0.0,0.0,0.0,1.0,2016-01-14
PEP,0,0.0,0.0,0.0,1.0,2016-01-14
GS,0,0.0,0.0,0.0,1.0,2016-01-14
AMC,0,0.0,0.0,0.0,1.0,2016-01-14
BB,0,0.0,0.0,0.0,1.0,2016-01-14
RTX,0,0.0,0.0,0.0,1.0,2016-01-14
PLUG,0,0.0,0.0,0.0,1.0,2016-01-14
MS,0,0.0,0.0,0.0,1.0,2016-01-14
KO,0,0.0,0.0,0.0,1.0,2016-01-14
RIOT,0,0.0,0.0,0.0,1.0,2016-01-14
SPCE,0,0.0,0.0,0.0,1.0,2016-01-14
TLRY,0,0.0,0.0,0.0,1.0,2016-01-14
NIO,0,0.0,0.0,0.0,1.0,2016-01-14
MRNA,0,0.0,0.0,0.0,1.0,2016-01-14
LCID,0,0.0,0.0,0.0,1.0,2016-01-14
PLTR,0,0.0,0.0,0.0,1.0,2016-01-14
SOFI,0,0.0,0.0,0.0,1.0,2016-01-14
COIN,0,0.0,0.0,0.0,1.0,2016-01-14
HOOD,0,0.0,0.0,0.0,1.0,2016-01-14
RIVN,0,0.0,0.0,0.0,1.0,2016-01-14
BA.L,0,0.0,0.0,0.0,1.0,2016-01-21
AZN.L,0,0.0,0.0,0.0,1.0,2016-01-21
NWG.L,0,0.0,0.0,0.0,1.0,2016-01-21
STAN.L,0,0.0,0.0,0.0,1.0,2016-01-21
HSBA.L,0,0.0,0.0,0.0,1.0,2016-01-21
RR.L,0,0.0,0.0,0.0,1.0,2016-01-21
LLOY.L,0,0.0,0.0,0.0,1.0,2016-01-21
BARC.L,0,0.0,0.0,0.0,1.0,2016-01-21
GSK.L,0,0.0,0.0,0.0,1.0,2016-01-21
SLB,0,0.0,0.0,0.0,1.0,2016-01-21
AAPL,0,0.0,0.0,0.0,1.0,2016-01-21
JPM,0,0.0,0.0,0.0,1.0,2016-01-21
LMT,0,0.0,0.0,0.0,1.0,2016-01-21
GME,0,0.0,0.0,0.0,1.0,2016-01-21
AVGO,0,0.0,0.0,0.0,1.0,2016-01-21
COP,0,0.0,0.0,0.0,1.0,2016-01-21
HON,0,0.0,0.0,0.0,1.0,2016-01-21
GE,0,0.0,0.0,0.0,1.0,2016-01-21
CAT,0,0.0,0.0,0.0,1.0,2016-01-21
AMD,0,0.0,0.0,0.0,1.0,2016-01-21
TSM,0,0.0,0.0,0.0,1.0,2016-01-21
AMZN,0,0.0,0.0,0.0,1.0,2016-01-21
MARA,0,0.0,0.0,0.0,1.0,2016-01-21
NOC,0,0.0,0.0,0.0,1.0,2016-01-21
BAC,0,0.0,0.0,0.0,1.0,2016-01-21
COST,0,0.0,0.0,0.0,1.0,2016-01-21
NVDA,0,0.0,0.0,0.0,1.0,2016-01-21
BLK,0,0.0,0.0,0.0,1.0,2016-01-21
CVX,0,0.0,0.0,0.0,1.0,2016-01-21
WMT,0,0.0,0.0,0.0,1.0,2016-01-21
JNJ,0,0.0,0.0,0.0,1.0,2016-01-21
GOOGL,0,0.0,0.0,0.0,1.0,2016-01-21
QCOM,0,0.0,0.0,0.0,1.0,2016-01-21
OXY,0,0.0,0.0,0.0,1.0,2016-01-21
MSFT,0,0.0,0.0,0.0,1.0,2016-01-21
INTC,0,0.0,0.0,0.0,1.0,2016-01-21
PFE,0,0.0,0.0,0.0,1.0,2016-01-21
MMM,0,0.0,0.0,0.0,1.0,2016-01-21
XOM,0,0.0,0.0,0.0,1.0,2016-01-21
PG,0,0.0,0.0,0.0,1.0,2016-01-21
UPS,0,0.0,0.0,0.0,1.0,2016-01-21
PEP,0,0.0,0.0,0.0,1.0,2016-01-21
GS,0,0.0,0.0,0.0,1.0,2016-01-21
AMC,0,0.0,0.0,0.0,1.0,2016-01-21
BB,0,0.0,0.0,0.0,1.0,2016-01-21
RTX,0,0.0,0.0,0.0,1.0,2016-01-21
PLUG,0,0.0,0.0,0.0,1.0,2016-01-21
MS,0,0.0,0.0,0.0,1.0,2016-01-21
KO,0,0.0,0.0,0.0,1.0,2016-01-21
RIOT,0,0.0,0.0,0.0,1.0,2016-01-21
SPCE,0,0.0,0.0,0.0,1.0,2016-01-21
TLRY,0,0.0,0.0,0.0,1.0,2016-01-21
NIO,0,0.0,0.0,0.0,1.0,2016-01-21
MRNA,0,0.0,0.0,0.0,1.0,2016-01-21
LCID,0,0.0,0.0,0.0,1.0,2016-01-21
PLTR,0,0.0,0.0,0.0,1.0,2016-01-21
SOFI,0,0.0,0.0,0.0,1.0,2016-01-21
COIN,0,0.0,0.0,0.0,1.0,2016-01-21
HOOD,0,0.0,0.0,0.0,1.0,2016-01-21
RIVN,0,0.0,0.0,0.0,1.0,2016-01-21
BA.L,0,0.0,0.0,0.0,1.0,2016-01-28
AZN.L,0,0.0,0.0,0.0,1.0,2016-01-28
NWG.L,0,0.0,0.0,0.0,1.0,2016-01-28
STAN.L,0,0.0,0.0,0.0,1.0,2016-01-28
HSBA.L,0,0.0,0.0,0.0,1.0,2016-01-28
RR.L,0,0.0,0.0,0.0,1.0,2016-01-28
LLOY.L,0,0.0,0.0,0.0,1.0,2016-01-28
BARC.L,0,0.0,0.0,0.0,1.0,2016-01-28
GSK.L,0,0.0,0.0,0.0,1.0,2016-01-28
SLB,0,0.0,0.0,0.0,1.0,2016-01-28
AAPL,0,0.0,0.0,0.0,1.0,2016-01-28
JPM,0,0.0,0.0,0.0,1.0,2016-01-28
LMT,0,0.0,0.0,0.0,1.0,2016-01-28
GME,0,0.0,0.0,0.0,1.0,2016-01-28
AVGO,0,0.0,0.0,0.0,1.0,2016-01-28
COP,0,0.0,0.0,0.0,1.0,2016-01-28
HON,0,0.0,0.0,0.0,1.0,2016-01-28
GE,0,0.0,0.0,0.0,1.0,2016-01-28
CAT,0,0.0,0.0,0.0,1.0,2016-01-28
AMD,0,0.0,0.0,0.0,1.0,2016-01-28
TSM,0,0.0,0.0,0.0,1.0,2016-01-28
AMZN,0,0.0,0.0,0.0,1.0,2016-01-28
MARA,0,0.0,0.0,0.0,1.0,2016-01-28
NOC,0,0.0,0.0,0.0,1.0,2016-01-28
BAC,0,0.0,0.0,0.0,1.0,2016-01-28
COST,0,0.0,0.0,0.0,1.0,2016-01-28
NVDA,0,0.0,0.0,0.0,1.0,2016-01-28
BLK,0,0.0,0.0,0.0,1.0,2016-01-28
CVX,0,0.0,0.0,0.0,1.0,2016-01-28
WMT,0,0.0,0.0,0.0,1.0,2016-01-28
JNJ,0,0.0,0.0,0.0,1.0,2016-01-28
GOOGL,0,0.0,0.0,0.0,1.0,2016-01-28
QCOM,0,0.0,0.0,0.0,1.0,2016-01-28
OXY,0,0.0,0.0,0.0,1.0,2016-01-28
MSFT,0,0.0,0.0,0.0,1.0,2016-01-28
INTC,0,0.0,0.0,0.0,1.0,2016-01-28
PFE,0,0.0,0.0,0.0,1.0,2016-01-28
MMM,0,0.0,0.0,0.0,1.0,2016-01-28
XOM,0,0.0,0.0,0.0,1.0,2016-01-28
PG,0,0.0,0.0,0.0,1.0,2016-01-28
UPS,0,0.0,0.0,0.0,1.0,2016-01-28
PEP,0,0.0,0.0,0.0,1.0,2016-01-28
GS,0,0.0,0.0,0.0,1.0,2016-01-28
AMC,0,0.0,0.0,0.0,1.0,2016-01-28
BB,0,0.0,0.0,0.0,1.0,2016-01-28
RTX,0,0.0,0.0,0.0,1.0,2016-01-28
PLUG,0,0.0,0.0,0.0,1.0,2016-01-28
MS,0,0.0,0.0,0.0,1.0,2016-01-28
KO,0,0.0,0.0,0.0,1.0,2016-01-28
RIOT,0,0.0,0.0,0.0,1.0,2016-01-28
SPCE,0,0.0,0.0,0.0,1.0,2016-01-28
TLRY,0,0.0,0.0,0.0,1.0,2016-01-28
NIO,0,0.0,0.0,0.0,1.0,2016-01-28
MRNA,0,0.0,0.0,0.0,1.0,2016-01-28
LCID,0,0.0,0.0,0.0,1.0,2016-01-28
PLTR,0,0.0,0.0,0.0,1.0,2016-01-28
SOFI,0,0.0,0.0,0.0,1.0,2016-01-28
COIN,0,0.0,0.0,0.0,1.0,2016-01-28
HOOD,0,0.0,0.0,0.0,1.0,2016-01-28
RIVN,0,0.0,0.0,0.0,1.0,2016-01-28
BA.L,0,0.0,0.0,0.0,1.0,2016-02-07
AZN.L,0,0.0,0.0,0.0,1.0,2016-02-07
NWG.L,0,0.0,0.0,0.0,1.0,2016-02-07
STAN.L,0,0.0,0.0,0.0,1.0,2016-02-07
HSBA.L,0,0.0,0.0,0.0,1.0,2016-02-07
RR.L,0,0.0,0.0,0.0,1.0,2016-02-07
LLOY.L,0,0.0,0.0,0.0,1.0,2016-02-07
BARC.L,0,0.0,0.0,0.0,1.0,2016-02-07
GSK.L,0,0.0,0.0,0.0,1.0,2016-02-07
SLB,0,0.0,0.0,0.0,1.0,2016-02-07
AAPL,0,0.0,0.0,0.0,1.0,2016-02-07
JPM,0,0.0,0.0,0.0,1.0,2016-02-07
LMT,0,0.0,0.0,0.0,1.0,2016-02-07
GME,0,0.0,0.0,0.0,1.0,2016-02-07
AVGO,0,0.0,0.0,0.0,1.0,2016-02-07
COP,0,0.0,0.0,0.0,1.0,2016-02-07
HON,0,0.0,0.0,0.0,1.0,2016-02-07
GE,0,0.0,0.0,0.0,1.0,2016-02-07
CAT,0,0.0,0.0,0.0,1.0,2016-02-07
AMD,0,0.0,0.0,0.0,1.0,2016-02-07
TSM,0,0.0,0.0,0.0,1.0,2016-02-07
AMZN,0,0.0,0.0,0.0,1.0,2016-02-07
MARA,0,0.0,0.0,0.0,1.0,2016-02-07
NOC,0,0.0,0.0,0.0,1.0,2016-02-07
BAC,0,0.0,0.0,0.0,1.0,2016-02-07
COST,0,0.0,0.0,0.0,1.0,2016-02-07
NVDA,0,0.0,0.0,0.0,1.0,2016-02-07
BLK,0,0.0,0.0,0.0,1.0,2016-02-07
CVX,0,0.0,0.0,0.0,1.0,2016-02-07
WMT,0,0.0,0.0,0.0,1.0,2016-02-07
JNJ,0,0.0,0.0,0.0,1.0,2016-02-07
GOOGL,0,0.0,0.0,0.0,1.0,2016-02-07
QCOM,0,0.0,0.0,0.0,1.0,2016-02-07
OXY,0,0.0,0.0,0.0,1.0,2016-02-07
MSFT,0,0.0,0.0,0.0,1.0,2016-02-07
INTC,0,0.0,0.0,0.0,1.0,2016-02-07
PFE,0,0.0,0.0,0.0,1.0,2016-02-07
MMM,0,0.0,0.0,0.0,1.0,2016-02-07
XOM,0,0.0,0.0,0.0,1.0,2016-02-07
PG,0,0.0,0.0,0.0,1.0,2016-02-07
UPS,0,0.0,0.0,0.0,1.0,2016-02-07
PEP,0,0.0,0.0,0.0,1.0,2016-02-07
GS,0,0.0,0.0,0.0,1.0,2016-02-07
AMC,0,0.0,0.0,0.0,1.0,2016-02-07
BB,0,0.0,0.0,0.0,1.0,2016-02-07
RTX,0,0.0,0.0,0.0,1.0,2016-02-07
PLUG,0,0.0,0.0,0.0,1.0,2016-02-07
MS,0,0.0,0.0,0.0,1.0,2016-02-07
KO,0,0.0,0.0,0.0,1.0,2016-02-07
RIOT,0,0.0,0.0,0.0,1.0,2016-02-07
SPCE,0,0.0,0.0,0.0,1.0,2016-02-07
TLRY,0,0.0,0.0,0.0,1.0,2016-02-07
NIO,0,0.0,0.0,0.0,1.0,2016-02-07
MRNA,0,0.0,0.0,0.0,1.0,2016-02-07
LCID,0,0.0,0.0,0.0,1.0,2016-02-07
PLTR,0,0.0,0.0,0.0,1.0,2016-02-07
SOFI,0,0.0,0.0,0.0,1.0,2016-02-07
COIN,0,0.0,0.0,0.0,1.0,2016-02-07
HOOD,0,0.0,0.0,0.0,1.0,2016-02-07
RIVN,0,0.0,0.0,0.0,1.0,2016-02-07
BA.L,0,0.0,0.0,0.0,1.0,2016-02-14
AZN.L,0,0.0,0.0,0.0,1.0,2016-02-14
NWG.L,0,0.0,0.0,0.0,1.0,2016-02-14
STAN.L,0,0.0,0.0,0.0,1.0,2016-02-14
HSBA.L,0,0.0,0.0,0.0,1.0,2016-02-14
RR.L,0,0.0,0.0,0.0,1.0,2016-02-14
LLOY.L,0,0.0,0.0,0.0,1.0,2016-02-14
BARC.L,0,0.0,0.0,0.0,1.0,2016-02-14
GSK.L,0,0.0,0.0,0.0,1.0,2016-02-14
SLB,0,0.0,0.0,0.0,1.0,2016-02-14
AAPL,0,0.0,0.0,0.0,1.0,2016-02-14
JPM,0,0.0,0.0,0.0,1.0,2016-02-14
LMT,0,0.0,0.0,0.0,1.0,2016-02-14
GME,0,0.0,0.0,0.0,1.0,2016-02-14
AVGO,0,0.0,0.0,0.0,1.0,2016-02-14
COP,0,0.0,0.0,0.0,1.0,2016-02-14
HON,0,0.0,0.0,0.0,1.0,2016-02-14
GE,0,0.0,0.0,0.0,1.0,2016-02-14
CAT,0,0.0,0.0,0.0,1.0,2016-02-14
AMD,0,0.0,0.0,0.0,1.0,2016-02-14
TSM,0,0.0,0.0,0.0,1.0,2016-02-14
AMZN,0,0.0,0.0,0.0,1.0,2016-02-14
MARA,0,0.0,0.0,0.0,1.0,2016-02-14
NOC,0,0.0,0.0,0.0,1.0,2016-02-14
BAC,0,0.0,0.0,0.0,1.0,2016-02-14
COST,0,0.0,0.0,0.0,1.0,2016-02-14
NVDA,0,0.0,0.0,0.0,1.0,2016-02-14
BLK,0,0.0,0.0,0.0,1.0,2016-02-14
CVX,0,0.0,0.0,0.0,1.0,2016-02-14
WMT,0,0.0,0.0,0.0,1.0,2016-02-14
JNJ,0,0.0,0.0,0.0,1.0,2016-02-14
GOOGL,0,0.0,0.0,0.0,1.0,2016-02-14
QCOM,0,0.0,0.0,0.0,1.0,2016-02-14
OXY,0,0.0,0.0,0.0,1.0,2016-02-14
MSFT,0,0.0,0.0,0.0,1.0,2016-02-14
INTC,0,0.0,0.0,0.0,1.0,2016-02-14
PFE,0,0.0,0.0,0.0,1.0,2016-02-14
MMM,0,0.0,0.0,0.0,1.0,2016-02-14
XOM,0,0.0,0.0,0.0,1.0,2016-02-14
PG,0,0.0,0.0,0.0,1.0,2016-02-14
UPS,0,0.0,0.0,0.0,1.0,2016-02-14
PEP,0,0.0,0.0,0.0,1.0,2016-02-14
GS,0,0.0,0.0,0.0,1.0,2016-02-14
AMC,0,0.0,0.0,0.0,1.0,2016-02-14
BB,0,0.0,0.0,0.0,1.0,2016-02-14
RTX,0,0.0,0.0,0.0,1.0,2016-02-14
PLUG,0,0.0,0.0,0.0,1.0,2016-02-14
MS,0,0.0,0.0,0.0,1.0,2016-02-14
KO,0,0.0,0.0,0.0,1.0,2016-02-14
RIOT,0,0.0,0.0,0.0,1.0,2016-02-14
SPCE,0,0.0,0.0,0.0,1.0,2016-02-14
TLRY,0,0.0,0.0,0.0,1.0,2016-02-14
NIO,0,0.0,0.0,0.0,1.0,2016-02-14
MRNA,0,0.0,0.0,0.0,1.0,2016-02-14
LCID,0,0.0,0.0,0.0,1.0,2016-02-14
PLTR,0,0.0,0.0,0.0,1.0,2016-02-14
SOFI,0,0.0,0.0,0.0,1.0,2016-02-14
COIN,0,0.0,0.0,0.0,1.0,2016-02-14
HOOD,0,0.0,0.0,0.0,1.0,2016-02-14
RIVN,0,0.0,0.0,0.0,1.0,2016-02-14
BA.L,0,0.0,0.0,0.0,1.0,2016-02-21
AZN.L,0,0.0,0.0,0.0,1.0,2016-02-21
NWG.L,0,0.0,0.0,0.0,1.0,2016-02-21
STAN.L,0,0.0,0.0,0.0,1.0,2016-02-21
HSBA.L,0,0.0,0.0,0.0,1.0,2016-02-21
RR.L,0,0.0,0.0,0.0,1.0,2016-02-21
LLOY.L,0,0.0,0.0,0.0,1.0,2016-02-21
BARC.L,0,0.0,0.0,0.0,1.0,2016-02-21
GSK.L,0,0.0,0.0,0.0,1.0,2016-02-21
SLB,0,0.0,0.0,0.0,1.0,2016-02-21
AAPL,0,0.0,0.0,0.0,1.0,2016-02-21
JPM,0,0.0,0.0,0.0,1.0,2016-02-21
LMT,0,0.0,0.0,0.0,1.0,2016-02-21
GME,0,0.0,0.0,0.0,1.0,2016-02-21
AVGO,0,0.0,0.0,0.0,1.0,2016-02-21
COP,0,0.0,0.0,0.0,1.0,2016-02-21
HON,0,0.0,0.0,0.0,1.0,2016-02-21
GE,0,0.0,0.0,0.0,1.0,2016-02-21
CAT,0,0.0,0.0,0.0,1.0,2016-02-21
AMD,0,0.0,0.0,0.0,1.0,2016-02-21
TSM,0,0.0,0.0,0.0,1.0,2016-02-21
AMZN,0,0.0,0.0,0.0,1.0,2016-02-21
MARA,0,0.0,0.0,0.0,1.0,2016-02-21
NOC,0,0.0,0.0,0.0,1.0,2016-02-21
BAC,0,0.0,0.0,0.0,1.0,2016-02-21
COST,0,0.0,0.0,0.0,1.0,2016-02-21
NVDA,0,0.0,0.0,0.0,1.0,2016-02-21
BLK,0,0.0,0.0,0.0,1.0,2016-02-21
CVX,0,0.0,0.0,0.0,1.0,2016-02-21
WMT,0,0.0,0.0,0.0,1.0,2016-02-21
JNJ,0,0.0,0.0,0.0,1.0,2016-02-21
GOOGL,7,-0.1360714285714285,0.0277142857142857,0.0472857142857142,0.925,2016-02-21
QCOM,3,0.0114333333333333,0.0933333333333333,0.0713333333333333,0.8353333333333334,2016-02-21
OXY,0,0.0,0.0,0.0,1.0,2016-02-21
MSFT,4,-0.005575,0.0715,0.064,0.8645,2016-02-21
INTC,1,-0.5267,0.181,0.216,0.603,2016-02-21
PFE,2,0.0,0.108,0.108,0.784,2016-02-21
MMM,2,0.0,0.0,0.0,1.0,2016-02-21
XOM,1,-0.631,0.0,0.103,0.897,2016-02-21
PG,2,-0.1327,0.0715,0.0805,0.848,2016-02-21
UPS,8,0.3531625,0.144875,0.0245,0.830625,2016-02-21
PEP,7,0.1477285714285714,0.073,0.0197142857142857,0.9071428571428573,2016-02-21
GS,6,0.1298333333333333,0.1326666666666666,0.1076666666666666,0.7596666666666666,2016-02-21
AMC,3,-0.0676,0.0606666666666666,0.1393333333333333,0.7996666666666666,2016-02-21
BB,3,0.3021,0.0796666666666666,0.0,0.9203333333333332,2016-02-21
RTX,0,0.0,0.0,0.0,1.0,2016-02-21
PLUG,2,0.0,0.0,0.0,1.0,2016-02-21
MS,10,0.196,0.0731,0.0115,0.9155,2016-02-21
KO,10,0.1615599999999999,0.0809,0.0438,0.8753,2016-02-21
RIOT,1,0.5242,0.091,0.0,0.909,2016-02-21
SPCE,5,-0.17316,0.0,0.0576,0.9424,2016-02-21
TLRY,0,0.0,0.0,0.0,1.0,2016-02-21
NIO,0,0.0,0.0,0.0,1.0,2016-02-21
MRNA,0,0.0,0.0,0.0,1.0,2016-02-21
LCID,0,0.0,0.0,0.0,1.0,2016-02-21
PLTR,0,0.0,0.0,0.0,1.0,2016-02-21
SOFI,1,0.7506,0.204,0.0,0.796,2016-02-21
COIN,9,0.1219,0.0977777777777777,0.0683333333333333,0.8338888888888889,2016-02-21
HOOD,5,0.12738,0.0396,0.0,0.9604,2016-02-21
RIVN,0,0.0,0.0,0.0,1.0,2016-02-21
BA.L,0,0.0,0.0,0.0,1.0,2016-02-28
AZN.L,1,-0.6808,0.0,0.211,0.789,2016-02-28
NWG.L,0,0.0,0.0,0.0,1.0,2016-02-28
STAN.L,2,0.0,0.0,0.0,1.0,2016-02-28
HSBA.L,1,-0.5267,0.0,0.161,0.839,2016-02-28
RR.L,6,0.14135,0.0348333333333333,0.0,0.9651666666666668,2016-02-28
LLOY.L,1,-0.25,0.193,0.237,0.57,2016-02-28
BARC.L,10,0.22183,0.1042999999999999,0.0295,0.8663000000000001,2016-02-28
GSK.L,0,0.0,0.0,0.0,1.0,2016-02-28
SLB,2,0.0,0.0,0.0,1.0,2016-02-28
AAPL,10,0.20834,0.0975999999999999,0.0161,0.8863,2016-02-28
JPM,3,0.1272666666666666,0.0486666666666666,0.0,0.9513333333333334,2016-02-28
LMT,2,-0.2202,0.0,0.0415,0.9585,2016-02-28
GME,1,0.128,0.045,0.0,0.955,2016-02-28
AVGO,0,0.0,0.0,0.0,1.0,2016-02-28
COP,2,-0.62885,0.0,0.1815,0.8185,2016-02-28
HON,8,0.1235749999999999,0.109375,0.08075,0.809875,2016-02-28
GE,1,-0.4404,0.0,0.116,0.884,2016-02-28
CAT,3,-0.1404999999999999,0.0,0.0323333333333333,0.9676666666666668,2016-02-28
AMD,5,0.06324,0.0456,0.0583999999999999,0.8960000000000001,2016-02-28
TSM,2,0.0,0.0,0.0,1.0,2016-02-28
AMZN,10,0.59202,0.1943,0.0101,0.7955,2016-02-28
MARA,1,0.0,0.0,0.0,1.0,2016-02-28
NOC,1,0.0,0.0,0.0,1.0,2016-02-28
BAC,1,-0.4404,0.0,0.083,0.917,2016-02-28
COST,4,-0.213875,0.0,0.08975,0.91025,2016-02-28
NVDA,10,0.1728299999999999,0.0607,0.0291999999999999,0.9101,2016-02-28
BLK,6,0.1516999999999999,0.0974999999999999,0.0613333333333333,0.8411666666666666,2016-02-28
CVX,2,-0.5574,0.0,0.129,0.871,2016-02-28
WMT,3,0.1972,0.1216666666666666,0.0736666666666666,0.8046666666666668,2016-02-28
JNJ,9,0.0511,0.0387777777777777,0.0353333333333333,0.9258888888888888,2016-02-28
GOOGL,5,0.4029,0.1676,0.0202,0.8122,2016-02-28
QCOM,0,0.0,0.0,0.0,1.0,2016-02-28
OXY,2,-0.5574,0.0,0.129,0.871,2016-02-28
MSFT,10,0.26956,0.0996,0.0166,0.8837999999999999,2016-02-28
INTC,4,0.353225,0.1149999999999999,0.0,0.885,2016-02-28
PFE,0,0.0,0.0,0.0,1.0,2016-02-28
MMM,3,-0.2725333333333333,0.0,0.082,0.918,2016-02-28
XOM,3,-0.3716,0.0,0.086,0.914,2016-02-28
PG,3,0.0,0.0,0.0,1.0,2016-02-28
UPS,9,0.0133777777777777,0.0422222222222222,0.0346666666666666,0.9231111111111112,2016-02-28
PEP,1,0.0,0.0,0.0,1.0,2016-02-28
GS,5,0.21642,0.0693999999999999,0.0,0.9306,2016-02-28
AMC,1,0.765,0.139,0.0,0.861,2016-02-28
BB,3,0.2326333333333333,0.1169999999999999,0.0489999999999999,0.834,2016-02-28
RTX,2,0.77635,0.2724999999999999,0.0,0.7275,2016-02-28
PLUG,1,0.0,0.0,0.0,1.0,2016-02-28
MS,9,0.1164111111111111,0.053,0.0327777777777777,0.9141111111111112,2016-02-28
KO,8,0.4381375,0.12525,0.0,0.87475,2016-02-28
RIOT,1,0.3818,0.183,0.107,0.71,2016-02-28
SPCE,5,0.16598,0.1526,0.055,0.7922,2016-02-28
TLRY,0,0.0,0.0,0.0,1.0,2016-02-28
NIO,0,0.0,0.0,0.0,1.0,2016-02-28
MRNA,0,0.0,0.0,0.0,1.0,2016-02-28
LCID,0,0.0,0.0,0.0,1.0,2016-02-28
PLTR,3,0.2269333333333333,0.054,0.0,0.946,2016-02-28
SOFI,0,0.0,0.0,0.0,1.0,2016-02-28
COIN,3,0.0510333333333333,0.0273333333333333,0.0,0.9726666666666668,2016-02-28
HOOD,8,-0.0233625,0.00675,0.011125,0.982125,2016-02-28
RIVN,0,0.0,0.0,0.0,1.0,2016-02-28
BA.L,0,0.0,0.0,0.0,1.0,2016-03-07
AZN.L,0,0.0,0.0,0.0,1.0,2016-03-07
NWG.L,0,0.0,0.0,0.0,1.0,2016-03-07
STAN.L,1,0.0,0.0,0.0,1.0,2016-03-07
HSBA.L,3,0.35403333333333337,0.20866666666666667,0.05566666666666667,0.7356666666666666,2016-03-07
RR.L,4,0.0,0.0,0.0,1.0,2016-03-07
LLOY.L,0,0.0,0.0,0.0,1.0,2016-03-07
BARC.L,2,0.148,0.0545,0.0,0.9455,2016-03-07
GSK.L,2,0.21075,0.066,0.0,0.9339999999999999,2016-03-07
SLB,2,0.6808,0.211,0.0,0.789,2016-03-07
AAPL,10,-0.11932000000000001,0.0094,0.0298,0.9608000000000001,2016-03-07
JPM,3,-0.31083333333333335,0.0,0.10866666666666668,0.8913333333333333,2016-03-07
LMT,4,0.008199999999999985,0.0515,0.03175,0.91675,2016-03-07
GME,0,0.0,0.0,0.0,1.0,2016-03-07
AVGO,3,0.1925,0.049666666666666665,0.0,0.9503333333333334,2016-03-07
COP,3,-0.27416666666666667,0.0,0.103,0.8969999999999999,2016-03-07
HON,0,0.0,0.0,0.0,1.0,2016-03-07
GE,5,0.040520000000000014,0.0294,0.030199999999999998,0.9404,2016-03-07
CAT,0,0.0,0.0,0.0,1.0,2016-03-07
AMD,1,0.0,0.0,0.0,1.0,2016-03-07
TSM,2,0.0,0.0,0.0,1.0,2016-03-07
AMZN,10,-0.04364,0.0635,0.0877,0.8488,2016-03-07
MARA,0,0.0,0.0,0.0,1.0,2016-03-07
NOC,0,0.0,0.0,0.0,1.0,2016-03-07
BAC,6,-0.2189,0.008499999999999999,0.07533333333333334,0.9161666666666667,2016-03-07
COST,12,0.2267583333333333,0.09649999999999999,0.01875,0.88475,2016-03-07
NVDA,10,0.05061000000000001,0.054900000000000004,0.0548,0.8903000000000001,2016-03-07
BLK,9,0.15405555555555553,0.07366666666666667,0.020666666666666667,0.9056666666666666,2016-03-07
CVX,1,0.9325,0.483,0.0,0.517,2016-03-07
WMT,5,0.17314000000000002,0.088,0.0256,0.8864000000000001,2016-03-07
JNJ,9,0.09371111111111112,0.12155555555555557,0.10566666666666667,0.7726666666666666,2016-03-07
GOOGL,9,0.1681222222222222,0.04711111111111111,0.0,0.9528888888888889,2016-03-07
QCOM,3,0.30583333333333335,0.07633333333333332,0.0,0.9236666666666666,2016-03-07
OXY,0,0.0,0.0,0.0,1.0,2016-03-07
MSFT,8,0.159025,0.038625,0.0,0.961375,2016-03-07
INTC,4,0.074,0.036,0.0,0.964,2016-03-07
PFE,0,0.0,0.0,0.0,1.0,2016-03-07
MMM,1,0.7461,0.179,0.0,0.821,2016-03-07
XOM,4,0.46015,0.169,0.05475,0.77625,2016-03-07
PG,5,0.1499,0.13319999999999999,0.0824,0.784,2016-03-07
UPS,7,0.1732142857142857,0.1172857142857143,0.05671428571428572,0.826,2016-03-07
PEP,5,-0.51836,0.0,0.1464,0.8535999999999999,2016-03-07
GS,9,-0.2865333333333333,0.0,0.08255555555555555,0.9174444444444444,2016-03-07
AMC,4,0.0,0.0,0.0,1.0,2016-03-07
BB,3,-0.010933333333333314,0.052,0.08900000000000001,0.859,2016-03-07
RTX,3,0.3711,0.18333333333333335,0.051666666666666666,0.765,2016-03-07
PLUG,3,0.2394666666666667,0.07633333333333334,0.0,0.9236666666666666,2016-03-07
MS,10,0.31917,0.13479999999999998,0.0078,0.8573999999999999,2016-03-07
KO,4,0.329175,0.10625,0.0,0.89375,2016-03-07
RIOT,1,-0.5106,0.194,0.258,0.548,2016-03-07
SPCE,2,0.26335,0.075,0.0,0.925,2016-03-07
TLRY,0,0.0,0.0,0.0,1.0,2016-03-07
NIO,0,0.0,0.0,0.0,1.0,2016-03-07
MRNA,0,0.0,0.0,0.0,1.0,2016-03-07
LCID,0,0.0,0.0,0.0,1.0,2016-03-07
PLTR,2,0.0,0.0,0.0,1.0,2016-03-07
SOFI,0,0.0,0.0,0.0,1.0,2016-03-07
COIN,0,0.0,0.0,0.0,1.0,2016-03-07
HOOD,10,0.040400000000000005,0.0293,0.022899999999999997,0.9478,2016-03-07
RIVN,0,0.0,0.0,0.0,1.0,2016-03-07
BA.L,0,0.0,0.0,0.0,1.0,2016-03-14
AZN.L,0,0.0,0.0,0.0,1.0,2016-03-14
NWG.L,0,0.0,0.0,0.0,1.0,2016-03-14
STAN.L,0,0.0,0.0,0.0,1.0,2016-03-14
HSBA.L,1,0.0,0.0,0.0,1.0,2016-03-14
RR.L,1,0.7964,0.205,0.04,0.755,2016-03-14
LLOY.L,1,0.5267,0.14,0.0,0.86,2016-03-14
BARC.L,3,0.17556666666666665,0.04666666666666667,0.0,0.9533333333333333,2016-03-14
GSK.L,1,0.0,0.0,0.0,1.0,2016-03-14
SLB,0,0.0,0.0,0.0,1.0,2016-03-14
AAPL,10,0.20495999999999998,0.10229999999999999,0.042,0.8557,2016-03-14
JPM,3,-0.0043333333333333375,0.057999999999999996,0.048999999999999995,0.8929999999999999,2016-03-14
LMT,0,0.0,0.0,0.0,1.0,2016-03-14
GME,1,0.0,0.0,0.0,1.0,2016-03-14
AVGO,2,0.0,0.117,0.117,0.766,2016-03-14
COP,1,0.5267,0.173,0.0,0.827,2016-03-14
HON,3,0.0593,0.022000000000000002,0.0,0.9780000000000001,2016-03-14
GE,4,-0.026124999999999995,0.048,0.03975,0.9125,2016-03-14
CAT,3,-0.24503333333333333,0.0,0.082,0.918,2016-03-14
AMD,5,-0.03484,0.0212,0.0448,0.9339999999999999,2016-03-14
TSM,1,0.9457,0.361,0.0,0.639,2016-03-14
AMZN,10,0.01671000000000001,0.0716,0.0419,0.8865000000000001,2016-03-14
MARA,0,0.0,0.0,0.0,1.0,2016-03-14
NOC,1,0.3612,0.122,0.0,0.878,2016-03-14
BAC,5,0.2717,0.0796,0.0,0.9204000000000001,2016-03-14
COST,8,-0.0032624999999999876,0.0255,0.036,0.9385,2016-03-14
NVDA,10,0.12998,0.0703,0.033100000000000004,0.8966,2016-03-14
BLK,2,0.26335,0.0865,0.0,0.9135,2016-03-14
CVX,3,0.12726666666666667,0.05833333333333333,0.0,0.9416666666666668,2016-03-14
WMT,5,-0.05246000000000001,0.0658,0.121,0.8130000000000001,2016-03-14
JNJ,10,0.11966999999999998,0.0492,0.019700000000000002,0.9311,2016-03-14
GOOGL,4,-0.1902,0.02925,0.078,0.89275,2016-03-14
QCOM,4,0.0,0.0585,0.0585,0.883,2016-03-14
OXY,0,0.0,0.0,0.0,1.0,2016-03-14
MSFT,4,0.584275,0.16575,0.0,0.83425,2016-03-14
INTC,5,0.36572,0.122,0.0,0.8779999999999999,2016-03-14
PFE,9,-0.04122222222222224,0.09111111111111111,0.10966666666666666,0.7992222222222223,2016-03-14
MMM,3,0.12026666666666667,0.09366666666666668,0.12666666666666668,0.7796666666666666,2016-03-14
XOM,2,-0.6124,0.0,0.139,0.861,2016-03-14
PG,7,-0.23768571428571428,0.04385714285714286,0.11914285714285713,0.837,2016-03-14
UPS,6,0.45635000000000003,0.12316666666666666,0.0,0.8768333333333334,2016-03-14
PEP,4,0.0,0.0,0.0,1.0,2016-03-14
GS,9,-0.14634444444444444,0.057444444444444444,0.10766666666666667,0.8347777777777777,2016-03-14
AMC,0,0.0,0.0,0.0,1.0,2016-03-14
BB,3,0.5139333333333332,0.17466666666666666,0.022333333333333334,0.8029999999999999,2016-03-14
RTX,0,0.0,0.0,0.0,1.0,2016-03-14
PLUG,5,0.42380000000000007,0.09179999999999999,0.0132,0.8952,2016-03-14
MS,10,0.23852,0.0948,0.0422,0.8629999999999999,2016-03-14
KO,5,0.25545999999999996,0.08360000000000001,0.0,0.9164,2016-03-14
RIOT,1,0.9493,0.343,0.0,0.657,2016-03-14
SPCE,7,0.32398571428571427,0.08357142857142856,0.010428571428571428,0.9059999999999999,2016-03-14
TLRY,0,0.0,0.0,0.0,1.0,2016-03-14
NIO,0,0.0,0.0,0.0,1.0,2016-03-14
MRNA,0,0.0,0.0,0.0,1.0,2016-03-14
LCID,0,0.0,0.0,0.0,1.0,2016-03-14
PLTR,0,0.0,0.0,0.0,1.0,2016-03-14
SOFI,0,0.0,0.0,0.0,1.0,2016-03-14
COIN,4,0.1796,0.03725,0.017,0.94575,2016-03-14
HOOD,7,-0.1585857142857143,0.03542857142857143,0.07657142857142858,0.888,2016-03-14
RIVN,0,0.0,0.0,0.0,1.0,2016-03-14
BA.L,0,0.0,0.0,0.0,1.0,2016-03-21
AZN.L,0,0.0,0.0,0.0,1.0,2016-03-21
NWG.L,0,0.0,0.0,0.0,1.0,2016-03-21
STAN.L,0,0.0,0.0,0.0,1.0,2016-03-21
HSBA.L,0,0.0,0.0,0.0,1.0,2016-03-21
RR.L,0,0.0,0.0,0.0,1.0,2016-03-21
LLOY.L,0,0.0,0.0,0.0,1.0,2016-03-21
BARC.L,0,0.0,0.0,0.0,1.0,2016-03-21
GSK.L,0,0.0,0.0,0.0,1.0,2016-03-21
SLB,0,0.0,0.0,0.0,1.0,2016-03-21
AAPL,0,0.0,0.0,0.0,1.0,2016-03-21
JPM,0,0.0,0.0,0.0,1.0,2016-03-21
LMT,0,0.0,0.0,0.0,1.0,2016-03-21
GME,0,0.0,0.0,0.0,1.0,2016-03-21
AVGO,0,0.0,0.0,0.0,1.0,2016-03-21
COP,0,0.0,0.0,0.0,1.0,2016-03-21
HON,0,0.0,0.0,0.0,1.0,2016-03-21
GE,0,0.0,0.0,0.0,1.0,2016-03-21
CAT,0,0.0,0.0,0.0,1.0,2016-03-21
AMD,0,0.0,0.0,0.0,1.0,2016-03-21
TSM,0,0.0,0.0,0.0,1.0,2016-03-21
AMZN,0,0.0,0.0,0.0,1.0,2016-03-21
MARA,0,0.0,0.0,0.0,1.0,2016-03-21
NOC,0,0.0,0.0,0.0,1.0,2016-03-21
BAC,0,0.0,0.0,0.0,1.0,2016-03-21
COST,0,0.0,0.0,0.0,1.0,2016-03-21
NVDA,0,0.0,0.0,0.0,1.0,2016-03-21
BLK,0,0.0,0.0,0.0,1.0,2016-03-21
CVX,0,0.0,0.0,0.0,1.0,2016-03-21
WMT,0,0.0,0.0,0.0,1.0,2016-03-21
JNJ,0,0.0,0.0,0.0,1.0,2016-03-21
GOOGL,0,0.0,0.0,0.0,1.0,2016-03-21
QCOM,0,0.0,0.0,0.0,1.0,2016-03-21
OXY,0,0.0,0.0,0.0,1.0,2016-03-21
MSFT,0,0.0,0.0,0.0,1.0,2016-03-21
INTC,0,0.0,0.0,0.0,1.0,2016-03-21
PFE,0,0.0,0.0,0.0,1.0,2016-03-21
MMM,0,0.0,0.0,0.0,1.0,2016-03-21
XOM,0,0.0,0.0,0.0,1.0,2016-03-21
PG,0,0.0,0.0,0.0,1.0,2016-03-21
UPS,0,0.0,0.0,0.0,1.0,2016-03-21
PEP,0,0.0,0.0,0.0,1.0,2016-03-21
GS,0,0.0,0.0,0.0,1.0,2016-03-21
AMC,0,0.0,0.0,0.0,1.0,2016-03-21
BB,0,0.0,0.0,0.0,1.0,2016-03-21
RTX,0,0.0,0.0,0.0,1.0,2016-03-21
PLUG,0,0.0,0.0,0.0,1.0,2016-03-21
MS,0,0.0,0.0,0.0,1.0,2016-03-21
KO,0,0.0,0.0,0.0,1.0,2016-03-21
RIOT,0,0.0,0.0,0.0,1.0,2016-03-21
SPCE,0,0.0,0.0,0.0,1.0,2016-03-21
TLRY,0,0.0,0.0,0.0,1.0,2016-03-21
NIO,0,0.0,0.0,0.0,1.0,2016-03-21
MRNA,0,0.0,0.0,0.0,1.0,2016-03-21
LCID,0,0.0,0.0,0.0,1.0,2016-03-21
PLTR,0,0.0,0.0,0.0,1.0,2016-03-21
SOFI,0,0.0,0.0,0.0,1.0,2016-03-21
COIN,0,0.0,0.0,0.0,1.0,2016-03-21
HOOD,0,0.0,0.0,0.0,1.0,2016-03-21
RIVN,0,0.0,0.0,0.0,1.0,2016-03-21
BA.L,0,0.0,0.0,0.0,1.0,2016-03-28
AZN.L,0,0.0,0.0,0.0,1.0,2016-03-28
NWG.L,0,0.0,0.0,0.0,1.0,2016-03-28
STAN.L,0,0.0,0.0,0.0,1.0,2016-03-28
HSBA.L,0,0.0,0.0,0.0,1.0,2016-03-28
RR.L,0,0.0,0.0,0.0,1.0,2016-03-28
LLOY.L,0,0.0,0.0,0.0,1.0,2016-03-28
BARC.L,0,0.0,0.0,0.0,1.0,2016-03-28
GSK.L,0,0.0,0.0,0.0,1.0,2016-03-28
SLB,0,0.0,0.0,0.0,1.0,2016-03-28
AAPL,0,0.0,0.0,0.0,1.0,2016-03-28
JPM,0,0.0,0.0,0.0,1.0,2016-03-28
LMT,0,0.0,0.0,0.0,1.0,2016-03-28
GME,0,0.0,0.0,0.0,1.0,2016-03-28
AVGO,0,0.0,0.0,0.0,1.0,2016-03-28
COP,0,0.0,0.0,0.0,1.0,2016-03-28
HON,0,0.0,0.0,0.0,1.0,2016-03-28
GE,0,0.0,0.0,0.0,1.0,2016-03-28
CAT,0,0.0,0.0,0.0,1.0,2016-03-28
AMD,0,0.0,0.0,0.0,1.0,2016-03-28
TSM,0,0.0,0.0,0.0,1.0,2016-03-28
AMZN,0,0.0,0.0,0.0,1.0,2016-03-28
MARA,0,0.0,0.0,0.0,1.0,2016-03-28
NOC,0,0.0,0.0,0.0,1.0,2016-03-28
BAC,0,0.0,0.0,0.0,1.0,2016-03-28
COST,0,0.0,0.0,0.0,1.0,2016-03-28
NVDA,0,0.0,0.0,0.0,1.0,2016-03-28
BLK,0,0.0,0.0,0.0,1.0,2016-03-28
CVX,0,0.0,0.0,0.0,1.0,2016-03-28
WMT,0,0.0,0.0,0.0,1.0,2016-03-28
JNJ,0,0.0,0.0,0.0,1.0,2016-03-28
GOOGL,0,0.0,0.0,0.0,1.0,2016-03-28
QCOM,0,0.0,0.0,0.0,1.0,2016-03-28
OXY,0,0.0,0.0,0.0,1.0,2016-03-28
MSFT,0,0.0,0.0,0.0,1.0,2016-03-28
INTC,0,0.0,0.0,0.0,1.0,2016-03-28
PFE,0,0.0,0.0,0.0,1.0,2016-03-28
MMM,0,0.0,0.0,0.0,1.0,2016-03-28
XOM,0,0.0,0.0,0.0,1.0,2016-03-28
PG,0,0.0,0.0,0.0,1.0,2016-03-28
UPS,0,0.0,0.0,0.0,1.0,2016-03-28
PEP,0,0.0,0.0,0.0,1.0,2016-03-28
GS,0,0.0,0.0,0.0,1.0,2016-03-28
AMC,0,0.0,0.0,0.0,1.0,2016-03-28
BB,0,0.0,0.0,0.0,1.0,2016-03-28
RTX,0,0.0,0.0,0.0,1.0,2016-03-28
PLUG,0,0.0,0.0,0.0,1.0,2016-03-28
MS,0,0.0,0.0,0.0,1.0,2016-03-28
KO,0,0.0,0.0,0.0,1.0,2016-03-28
RIOT,0,0.0,0.0,0.0,1.0,2016-03-28
SPCE,0,0.0,0.0,0.0,1.0,2016-03-28
TLRY,0,0.0,0.0,0.0,1.0,2016-03-28
NIO,0,0.0,0.0,0.0,1.0,2016-03-28
MRNA,0,0.0,0.0,0.0,1.0,2016-03-28
LCID,0,0.0,0.0,0.0,1.0,2016-03-28
PLTR,0,0.0,0.0,0.0,1.0,2016-03-28
SOFI,0,0.0,0.0,0.0,1.0,2016-03-28
COIN,0,0.0,0.0,0.0,1.0,2016-03-28
HOOD,0,0.0,0.0,0.0,1.0,2016-03-28
RIVN,0,0.0,0.0,0.0,1.0,2016-03-28
