date,futures_close,futures_change_pct
2021-01-19 00:00:00-05:00,3790.5,
2021-01-20 00:00:00-05:00,3845.0,1.4378050389130648
2021-01-21 00:00:00-05:00,3846.0,0.02600780234069955
2021-01-22 00:00:00-05:00,3834.25,-0.30551222048882387
2021-01-25 00:00:00-05:00,3848.5,0.371650257547107
2021-01-26 00:00:00-05:00,3842.5,-0.15590489801221574
2021-01-27 00:00:00-05:00,3744.25,-2.5569290826285007
2021-01-28 00:00:00-05:00,3779.25,0.9347666421846812
2021-01-29 00:00:00-05:00,3705.25,-1.9580604617318254
2021-02-01 00:00:00-05:00,3765.75,1.632818298360439
2021-02-02 00:00:00-05:00,3818.25,1.394144592710611
2021-02-03 00:00:00-05:00,3823.5,0.1374975446867044
2021-02-04 00:00:00-05:00,3864.5,1.0723159408918548
2021-02-05 00:00:00-05:00,3880.25,0.4075559580799526
2021-02-08 00:00:00-05:00,3908.0,0.7151601056633039
2021-02-09 00:00:00-05:00,3905.5,-0.06397134083930833
2021-02-10 00:00:00-05:00,3903.0,-0.06401229035974954
2021-02-11 00:00:00-05:00,3912.0,0.2305918524212247
2021-02-12 00:00:00-05:00,3931.0,0.4856850715746486
2021-02-16 00:00:00-05:00,3927.75,-0.08267616382600096
2021-02-17 00:00:00-05:00,3928.0,0.006364967220418016
2021-02-18 00:00:00-05:00,3909.5,-0.4709775967413399
2021-02-19 00:00:00-05:00,3903.0,-0.16626167029031302
2021-02-22 00:00:00-05:00,3873.5,-0.7558288496028687
2021-02-23 00:00:00-05:00,3878.0,0.11617400283980839
2021-02-24 00:00:00-05:00,3922.5,1.1474987106756096
2021-02-25 00:00:00-05:00,3828.0,-2.409177820267683
2021-02-26 00:00:00-05:00,3809.25,-0.48981191222570164
2021-03-01 00:00:00-05:00,3898.75,2.349543873465909
2021-03-02 00:00:00-05:00,3867.5,-0.8015389547932017
2021-03-03 00:00:00-05:00,3816.75,-1.312217194570131
2021-03-04 00:00:00-05:00,3765.5,-1.3427654418025847
2021-03-05 00:00:00-05:00,3839.0,1.9519320143407182
2021-03-08 00:00:00-05:00,3819.25,-0.5144568898150514
2021-03-09 00:00:00-05:00,3873.25,1.413890161680964
2021-03-10 00:00:00-05:00,3896.5,0.6002710901697572
2021-03-11 00:00:00-05:00,3936.75,1.0329783138714133
2021-03-12 00:00:00-05:00,3942.25,0.1397091509493853
2021-03-15 00:00:00-04:00,3967.5,0.6404971780074931
2021-03-16 00:00:00-04:00,3962.5,-0.1260239445494693
2021-03-17 00:00:00-04:00,3974.0,0.29022082018927975
2021-03-18 00:00:00-04:00,3916.5,-1.446904881731248
2021-03-19 00:00:00-04:00,3912.6201171875,-0.09906505330014026
2021-03-22 00:00:00-04:00,3930.0,0.4442006198392079
2021-03-23 00:00:00-04:00,3899.75,-0.7697201017811683
2021-03-24 00:00:00-04:00,3880.75,-0.487210718635811
2021-03-25 00:00:00-04:00,3900.5,0.5089222444115249
2021-03-26 00:00:00-04:00,3964.75,1.64722471478016
2021-03-29 00:00:00-04:00,3959.0,-0.14502805977678612
2021-03-30 00:00:00-04:00,3947.75,-0.28416266734023754
2021-03-31 00:00:00-04:00,3967.5,0.5002849724526692
2021-04-01 00:00:00-04:00,4010.0,1.0712035286704502
2021-04-05 00:00:00-04:00,4067.75,1.440149625935172
2021-04-06 00:00:00-04:00,4064.0,-0.09218855632721068
2021-04-07 00:00:00-04:00,4070.0,0.1476377952756014
2021-04-08 00:00:00-04:00,4089.0,0.46683046683047014
2021-04-09 00:00:00-04:00,4119.5,0.7459036439227296
2021-04-12 00:00:00-04:00,4120.25,0.01820609297245035
2021-04-13 00:00:00-04:00,4132.75,0.3033796492931229
2021-04-14 00:00:00-04:00,4118.0,-0.3569052083963409
2021-04-15 00:00:00-04:00,4162.5,1.0806216610004915
2021-04-16 00:00:00-04:00,4176.25,0.33033033033031955
2021-04-19 00:00:00-04:00,4155.5,-0.49685722837473634
2021-04-20 00:00:00-04:00,4126.5,-0.6978702923835844
2021-04-21 00:00:00-04:00,4164.75,0.9269356597600975
2021-04-22 00:00:00-04:00,4127.75,-0.8884086679872727
2021-04-23 00:00:00-04:00,4171.5,1.0598994609654078
2021-04-26 00:00:00-04:00,4179.5,0.1917775380558595
2021-04-27 00:00:00-04:00,4179.0,-0.011963153487259959
2021-04-28 00:00:00-04:00,4176.25,-0.06580521655898952
2021-04-29 00:00:00-04:00,4203.5,0.6524992517210393
2021-04-30 00:00:00-04:00,4174.5,-0.6899012727489051
2021-05-03 00:00:00-04:00,4185.75,0.26949335249730755
2021-05-04 00:00:00-04:00,4158.25,-0.6569909813056163
2021-05-05 00:00:00-04:00,4160.0,0.0420850117236915
2021-05-06 00:00:00-04:00,4194.25,0.8233173076923173
2021-05-07 00:00:00-04:00,4225.25,0.7391071109256631
2021-05-10 00:00:00-04:00,4183.5,-0.9881072125909718
2021-05-11 00:00:00-04:00,4146.25,-0.8904027727978936
2021-05-12 00:00:00-04:00,4058.75,-2.1103406692794646
2021-05-13 00:00:00-04:00,4107.0,1.188789651986455
2021-05-14 00:00:00-04:00,4169.0,1.5096177258339338
2021-05-17 00:00:00-04:00,4157.75,-0.26984888462461276
2021-05-18 00:00:00-04:00,4123.0,-0.8357885875774129
2021-05-19 00:00:00-04:00,4111.5,-0.27892311423720617
2021-05-20 00:00:00-04:00,4154.25,1.0397665085735142
2021-05-21 00:00:00-04:00,4151.75,-0.060179334416565755
2021-05-24 00:00:00-04:00,4193.75,1.011621605347135
2021-05-25 00:00:00-04:00,4185.5,-0.19672131147541183
2021-05-26 00:00:00-04:00,4193.0,0.17919006092461665
2021-05-27 00:00:00-04:00,4199.0,0.14309563558312366
2021-05-28 00:00:00-04:00,4202.5,0.0833531793284159
2021-06-01 00:00:00-04:00,4198.5,-0.09518143961927406
2021-06-02 00:00:00-04:00,4206.25,0.18458973442896376
2021-06-03 00:00:00-04:00,4191.25,-0.35661218424962726
2021-06-04 00:00:00-04:00,4228.25,0.8827915299731481
2021-06-07 00:00:00-04:00,4225.5,-0.06503872760598162
2021-06-08 00:00:00-04:00,4225.75,0.005916459590582512
2021-06-09 00:00:00-04:00,4218.5,-0.17156717742412564
2021-06-10 00:00:00-04:00,4238.0,0.46224961479199855
2021-06-11 00:00:00-04:00,4245.75,0.18286927796129504
2021-06-14 00:00:00-04:00,4254.75,0.2119766825649183
2021-06-15 00:00:00-04:00,4246.5,-0.19390093424995758
2021-06-16 00:00:00-04:00,4223.0,-0.5533969151065632
2021-06-17 00:00:00-04:00,4222.25,-0.01775988633673231
2021-06-18 00:00:00-04:00,4187.25,-0.8289419148558186
2021-06-21 00:00:00-04:00,4213.75,0.6328736043943017
2021-06-22 00:00:00-04:00,4236.25,0.5339661821417874
2021-06-23 00:00:00-04:00,4231.5,-0.11212747123044986
2021-06-24 00:00:00-04:00,4256.0,0.5789909015715411
2021-06-25 00:00:00-04:00,4271.25,0.35831766917293617
2021-06-28 00:00:00-04:00,4280.5,0.2165642376353416
2021-06-29 00:00:00-04:00,4282.0,0.03504263520617279
2021-06-30 00:00:00-04:00,4288.5,0.1517982251284522
2021-07-01 00:00:00-04:00,4310.75,0.5188294275387584
2021-07-02 00:00:00-04:00,4342.75,0.7423302209592197
2021-07-06 00:00:00-04:00,4334.0,-0.20148523401071206
2021-07-07 00:00:00-04:00,4349.75,0.3634056299030908
2021-07-08 00:00:00-04:00,4313.0,-0.8448761423070272
2021-07-09 00:00:00-04:00,4360.0,1.0897287271041112
2021-07-12 00:00:00-04:00,4376.5,0.37844036697247674
2021-07-13 00:00:00-04:00,4361.25,-0.34845195932823314
2021-07-14 00:00:00-04:00,4367.75,0.14903983949556832
2021-07-15 00:00:00-04:00,4352.0,-0.36059756167362567
2021-07-16 00:00:00-04:00,4318.5,-0.769761029411764
2021-07-19 00:00:00-04:00,4251.25,-1.557253676044923
2021-07-20 00:00:00-04:00,4315.5,1.5113201999412018
2021-07-21 00:00:00-04:00,4350.5,0.8110300081102917
2021-07-22 00:00:00-04:00,4359.5,0.20687277324444864
2021-07-23 00:00:00-04:00,4403.0,0.9978208510150299
2021-07-26 00:00:00-04:00,4414.25,0.2555076084487906
2021-07-27 00:00:00-04:00,4394.5,-0.4474146230956544
2021-07-28 00:00:00-04:00,4393.75,-0.017066788030495328
2021-07-29 00:00:00-04:00,4411.75,0.40967283072546046
2021-07-30 00:00:00-04:00,4389.5,-0.5043350144500525
2021-08-02 00:00:00-04:00,4379.75,-0.22212097049777446
2021-08-03 00:00:00-04:00,4415.0,0.8048404589303004
2021-08-04 00:00:00-04:00,4394.75,-0.45866364665911874
2021-08-05 00:00:00-04:00,4421.5,0.6086808123328957
2021-08-06 00:00:00-04:00,4429.5,0.18093407214745394
2021-08-09 00:00:00-04:00,4425.75,-0.08465966813410164
2021-08-10 00:00:00-04:00,4430.0,0.09602892165170296
2021-08-11 00:00:00-04:00,4440.5,0.23702031602708118
2021-08-12 00:00:00-04:00,4454.5,0.3152798108321031
2021-08-13 00:00:00-04:00,4462.5,0.17959366932316367
2021-08-16 00:00:00-04:00,4474.0,0.2577030812324965
2021-08-17 00:00:00-04:00,4443.5,-0.6817165847116669
2021-08-18 00:00:00-04:00,4394.5,-1.102734331045352
2021-08-19 00:00:00-04:00,4401.5,0.1592900216179416
2021-08-20 00:00:00-04:00,4437.0,0.8065432239009462
2021-08-23 00:00:00-04:00,4475.5,0.8677034032003705
2021-08-24 00:00:00-04:00,4482.5,0.15640710535136382
2021-08-25 00:00:00-04:00,4493.0,0.23424428332403657
2021-08-26 00:00:00-04:00,4466.5,-0.5898063654573793
2021-08-27 00:00:00-04:00,4505.5,0.8731669092130412
2021-08-30 00:00:00-04:00,4525.25,0.4383531239596117
2021-08-31 00:00:00-04:00,4520.5,-0.10496657643224161
2021-09-01 00:00:00-04:00,4521.25,0.01659108505696061
2021-09-02 00:00:00-04:00,4535.25,0.30964888028752746
2021-09-03 00:00:00-04:00,4534.5,-0.016537125847526646
2021-09-07 00:00:00-04:00,4519.25,-0.33631050832506615
2021-09-08 00:00:00-04:00,4512.5,-0.14936106654864778
2021-09-09 00:00:00-04:00,4492.25,-0.44875346260387916
2021-09-10 00:00:00-04:00,4458.25,-0.7568590350047311
2021-09-13 00:00:00-04:00,4469.0,0.24112600235517423
2021-09-14 00:00:00-04:00,4444.5,-0.5482210785410557
2021-09-15 00:00:00-04:00,4481.75,0.8381145235684562
2021-09-16 00:00:00-04:00,4474.25,-0.16734534501031684
2021-09-17 00:00:00-04:00,4464.330078125,-0.22171139017712616
2021-09-20 00:00:00-04:00,4348.25,-2.6001679108313858
2021-09-21 00:00:00-04:00,4343.25,-0.11498878859310668
2021-09-22 00:00:00-04:00,4384.0,0.9382374949634453
2021-09-23 00:00:00-04:00,4438.0,1.2317518248175174
2021-09-24 00:00:00-04:00,4445.75,0.17462821090581393
2021-09-27 00:00:00-04:00,4433.0,-0.2867907552156601
2021-09-28 00:00:00-04:00,4343.5,-2.018948793142339
2021-09-29 00:00:00-04:00,4349.75,0.14389317370784305
2021-09-30 00:00:00-04:00,4297.75,-1.1954710040806948
2021-10-01 00:00:00-04:00,4343.75,1.0703274969460663
2021-10-04 00:00:00-04:00,4291.25,-1.20863309352518
2021-10-05 00:00:00-04:00,4334.0,0.9962132245849187
2021-10-06 00:00:00-04:00,4354.0,0.46146746654360804
2021-10-07 00:00:00-04:00,4390.0,0.8268259072117701
2021-10-08 00:00:00-04:00,4382.25,-0.17653758542141018
2021-10-11 00:00:00-04:00,4351.0,-0.7131039990872279
2021-10-12 00:00:00-04:00,4340.75,-0.2355780280395292
2021-10-13 00:00:00-04:00,4355.0,0.32828428267004384
2021-10-14 00:00:00-04:00,4429.0,1.6991963260619913
2021-10-15 00:00:00-04:00,4462.5,0.7563784149920982
2021-10-18 00:00:00-04:00,4477.5,0.3361344537815114
2021-10-19 00:00:00-04:00,4511.25,0.7537688442211143
2021-10-20 00:00:00-04:00,4528.0,0.37129398725408436
2021-10-21 00:00:00-04:00,4541.75,0.30366607773850696
2021-10-22 00:00:00-04:00,4536.5,-0.1155942092805673
2021-10-25 00:00:00-04:00,4558.0,0.4739336492890933
2021-10-26 00:00:00-04:00,4565.25,0.15906099166300702
2021-10-27 00:00:00-04:00,4544.5,-0.4545205629483573
2021-10-28 00:00:00-04:00,4587.5,0.9461987017273632
2021-10-29 00:00:00-04:00,4597.0,0.2070844686648421
2021-11-01 00:00:00-04:00,4605.75,0.19034152708288232
2021-11-02 00:00:00-04:00,4623.5,0.3853878304293623
2021-11-03 00:00:00-04:00,4652.25,0.6218232940413015
2021-11-04 00:00:00-04:00,4673.25,0.4513944865387698
2021-11-05 00:00:00-04:00,4690.25,0.3637725351735899
2021-11-08 00:00:00-05:00,4694.0,0.07995309418473706
2021-11-09 00:00:00-05:00,4678.25,-0.33553472518108585
2021-11-10 00:00:00-05:00,4642.0,-0.7748623951263856
2021-11-11 00:00:00-05:00,4643.0,0.0215424386040608
2021-11-12 00:00:00-05:00,4678.25,0.7592074090027934
2021-11-15 00:00:00-05:00,4679.0,0.01603163576122668
2021-11-16 00:00:00-05:00,4696.0,0.36332549690105687
2021-11-17 00:00:00-05:00,4686.25,-0.207623509369681
2021-11-18 00:00:00-05:00,4701.5,0.32542011202987275
2021-11-19 00:00:00-05:00,4694.5,-0.14888865255769934
2021-11-22 00:00:00-05:00,4679.75,-0.31419746511875957
2021-11-23 00:00:00-05:00,4688.5,0.18697579998931957
2021-11-24 00:00:00-05:00,4699.0,0.22395222352564748
2021-11-26 00:00:00-05:00,4595.75,-2.197276016173655
2021-11-29 00:00:00-05:00,4651.0,1.2021976826415814
2021-11-30 00:00:00-05:00,4566.25,-1.822188776607181
2021-12-01 00:00:00-05:00,4508.5,-1.264713933753081
2021-12-02 00:00:00-05:00,4575.75,1.4916269269158233
2021-12-03 00:00:00-05:00,4537.5,-0.8359285363055191
2021-12-06 00:00:00-05:00,4590.0,1.1570247933884392
2021-12-07 00:00:00-05:00,4685.0,2.0697167755991286
2021-12-08 00:00:00-05:00,4699.0,0.2988260405549559
2021-12-09 00:00:00-05:00,4667.0,-0.6809959565865054
2021-12-10 00:00:00-05:00,4711.0,0.9427898007285274
2021-12-13 00:00:00-05:00,4668.75,-0.8968371895563543
2021-12-14 00:00:00-05:00,4637.0,-0.6800535475234293
2021-12-15 00:00:00-05:00,4709.5,1.5635108906620676
2021-12-16 00:00:00-05:00,4668.75,-0.8652723219025327
2021-12-17 00:00:00-05:00,4636.4599609375,-0.6916206492637245
2021-12-20 00:00:00-05:00,4558.5,-1.6814544198444081
2021-12-21 00:00:00-05:00,4640.75,1.804321597016556
2021-12-22 00:00:00-05:00,4686.0,0.9750579108980251
2021-12-23 00:00:00-05:00,4715.75,0.6348698250106644
2021-12-27 00:00:00-05:00,4782.25,1.4101680538620487
2021-12-28 00:00:00-05:00,4778.5,-0.07841497203199266
2021-12-29 00:00:00-05:00,4784.5,0.12556241498378196
2021-12-30 00:00:00-05:00,4772.25,-0.2560351133869765
2021-12-31 00:00:00-05:00,4758.5,-0.28812405050029355
2022-01-03 00:00:00-05:00,4786.0,0.57791320794367
2022-01-04 00:00:00-05:00,4784.25,-0.036564981195152946
2022-01-05 00:00:00-05:00,4692.5,-1.9177509536499993
2022-01-06 00:00:00-05:00,4687.5,-0.10655301012253426
2022-01-07 00:00:00-05:00,4667.75,-0.4213333333333291
2022-01-10 00:00:00-05:00,4662.25,-0.11782978951314638
2022-01-11 00:00:00-05:00,4705.0,0.9169392460721681
2022-01-12 00:00:00-05:00,4716.25,0.23910733262486605
2022-01-13 00:00:00-05:00,4652.0,-1.3623111582295233
2022-01-14 00:00:00-05:00,4654.75,0.059114359415302076
2022-01-18 00:00:00-05:00,4571.25,-1.7938664804769355
2022-01-19 00:00:00-05:00,4524.25,-1.0281651627016664
2022-01-20 00:00:00-05:00,4474.75,-1.0941039951373188
2022-01-21 00:00:00-05:00,4390.0,-1.893960556455665
2022-01-24 00:00:00-05:00,4403.75,0.3132118451025123
2022-01-25 00:00:00-05:00,4349.0,-1.2432585864320167
2022-01-26 00:00:00-05:00,4341.5,-0.17245343757185116
2022-01-27 00:00:00-05:00,4317.75,-0.5470459518599591
2022-01-28 00:00:00-05:00,4423.25,2.4434022349603346
2022-01-31 00:00:00-05:00,4504.25,1.831232690894713
2022-02-01 00:00:00-05:00,4535.0,0.6826885719043219
2022-02-02 00:00:00-05:00,4577.25,0.931642778390307
2022-02-03 00:00:00-05:00,4469.0,-2.364957124911249
2022-02-04 00:00:00-05:00,4492.5,0.5258447079883544
2022-02-07 00:00:00-05:00,4475.75,-0.37284362826933704
2022-02-08 00:00:00-05:00,4512.5,0.8210914371892919
2022-02-09 00:00:00-05:00,4577.75,1.445983379501392
2022-02-10 00:00:00-05:00,4497.5,-1.7530446179891856
2022-02-11 00:00:00-05:00,4409.5,-1.9566425792106767
2022-02-14 00:00:00-05:00,4394.0,-0.3515137770722321
2022-02-15 00:00:00-05:00,4464.5,1.6044606281292673
2022-02-16 00:00:00-05:00,4470.0,0.12319408668384213
2022-02-17 00:00:00-05:00,4374.5,-2.136465324384784
2022-02-18 00:00:00-05:00,4343.5,-0.7086524174191311
2022-02-22 00:00:00-05:00,4300.0,-1.0014964890065592
2022-02-23 00:00:00-05:00,4222.0,-1.8139534883720887
2022-02-24 00:00:00-05:00,4284.0,1.4684983420180098
2022-02-25 00:00:00-05:00,4380.0,2.2408963585434094
2022-02-28 00:00:00-05:00,4368.0,-0.2739726027397249
2022-03-01 00:00:00-05:00,4303.75,-1.4709249084249088
2022-03-02 00:00:00-05:00,4381.75,1.8123729305837832
2022-03-03 00:00:00-05:00,4359.25,-0.5134934672220037
2022-03-04 00:00:00-05:00,4327.25,-0.7340712278488315
2022-03-07 00:00:00-05:00,4198.5,-2.975330752787564
2022-03-08 00:00:00-05:00,4168.75,-0.7085863999047315
2022-03-09 00:00:00-05:00,4275.25,2.554722638680662
2022-03-10 00:00:00-05:00,4257.25,-0.4210280100578889
2022-03-11 00:00:00-05:00,4201.5,-1.3095308003993167
2022-03-14 00:00:00-04:00,4172.0,-0.7021301915982381
2022-03-15 00:00:00-04:00,4262.0,2.157238734419953
2022-03-16 00:00:00-04:00,4358.0,2.252463632097612
2022-03-17 00:00:00-04:00,4410.25,1.1989444699403329
2022-03-18 00:00:00-04:00,4409.35009765625,-0.020404792103623226
2022-03-21 00:00:00-04:00,4452.25,0.9729302820965069
2022-03-22 00:00:00-04:00,4505.0,1.1847942051771643
2022-03-23 00:00:00-04:00,4447.5,-1.2763596004439548
2022-03-24 00:00:00-04:00,4512.5,1.4614952220348476
2022-03-25 00:00:00-04:00,4536.5,0.5318559556786617
2022-03-28 00:00:00-04:00,4568.0,0.6943679047723972
2022-03-29 00:00:00-04:00,4625.5,1.2587565674255785
2022-03-30 00:00:00-04:00,4596.0,-0.6377688898497436
2022-03-31 00:00:00-04:00,4530.75,-1.419712793733685
2022-04-01 00:00:00-04:00,4539.25,0.18760690834851435
2022-04-04 00:00:00-04:00,4577.75,0.8481577353086855
2022-04-05 00:00:00-04:00,4520.25,-1.2560755829829073
2022-04-06 00:00:00-04:00,4475.75,-0.9844588241800789
2022-04-07 00:00:00-04:00,4496.25,0.4580237948947019
2022-04-08 00:00:00-04:00,4483.5,-0.28356964136780904
2022-04-11 00:00:00-04:00,4409.0,-1.6616482658637244
2022-04-12 00:00:00-04:00,4393.0,-0.36289408029031023
2022-04-13 00:00:00-04:00,4442.25,1.1211017527885225
2022-04-14 00:00:00-04:00,4387.5,-1.2324835387472532
2022-04-18 00:00:00-04:00,4386.75,-0.017094017094021474
2022-04-19 00:00:00-04:00,4459.25,1.6527041659542885
2022-04-20 00:00:00-04:00,4455.5,-0.08409485900094937
2022-04-21 00:00:00-04:00,4390.5,-1.4588710582426168
2022-04-22 00:00:00-04:00,4267.25,-2.807197357931901
2022-04-25 00:00:00-04:00,4292.75,0.5975745503544516
2022-04-26 00:00:00-04:00,4170.5,-2.847824820918987
2022-04-27 00:00:00-04:00,4180.25,0.23378491787555689
2022-04-28 00:00:00-04:00,4283.5,2.469947969619035
2022-04-29 00:00:00-04:00,4127.5,-3.6418816388467334
2022-05-02 00:00:00-04:00,4151.0,0.5693519079345899
2022-05-03 00:00:00-04:00,4169.25,0.43965309563960275
2022-05-04 00:00:00-04:00,4295.25,3.0221262817053507
2022-05-05 00:00:00-04:00,4143.25,-3.5387928525696943
2022-05-06 00:00:00-04:00,4119.5,-0.5732215048573019
2022-05-09 00:00:00-04:00,3987.5,-3.204272363150873
2022-05-10 00:00:00-04:00,3996.75,0.23197492163009592
2022-05-11 00:00:00-04:00,3930.25,-1.6638518796522228
2022-05-12 00:00:00-04:00,3927.25,-0.07633102219960497
2022-05-13 00:00:00-04:00,4019.75,2.355337704500604
2022-05-16 00:00:00-04:00,4004.75,-0.3731575346725524
2022-05-17 00:00:00-04:00,4084.75,1.9976278169673511
2022-05-18 00:00:00-04:00,3922.75,-3.965970989656653
2022-05-19 00:00:00-04:00,3897.75,-0.6373080109617013
2022-05-20 00:00:00-04:00,3899.5,0.0448976973895121
2022-05-23 00:00:00-04:00,3971.75,1.852801641236046
2022-05-24 00:00:00-04:00,3940.5,-0.7868068231887682
2022-05-25 00:00:00-04:00,3976.75,0.91993401852557
2022-05-26 00:00:00-04:00,4055.75,1.9865468032941536
2022-05-27 00:00:00-04:00,4155.75,2.465635209270789
2022-05-31 00:00:00-04:00,4131.25,-0.5895446068699961
2022-06-01 00:00:00-04:00,4099.0,-0.7806354009077143
2022-06-02 00:00:00-04:00,4175.25,1.8602098072700635
2022-06-03 00:00:00-04:00,4107.0,-1.6346326567271419
2022-06-06 00:00:00-04:00,4120.5,0.32870708546384186
2022-06-07 00:00:00-04:00,4158.75,0.9282854022570008
2022-06-08 00:00:00-04:00,4114.0,-1.0760444845205885
2022-06-09 00:00:00-04:00,4016.25,-2.3760330578512345
2022-06-10 00:00:00-04:00,3899.0,-2.9193899782135047
2022-06-13 00:00:00-04:00,3750.5,-3.8086688894588328
2022-06-14 00:00:00-04:00,3736.75,-0.366617784295431
2022-06-15 00:00:00-04:00,3789.25,1.4049642068642454
2022-06-16 00:00:00-04:00,3668.25,-3.1932440456554745
2022-06-17 00:00:00-04:00,3663.760009765625,-0.12240142395897324
2022-06-21 00:00:00-04:00,3767.75,2.838340665250816
2022-06-22 00:00:00-04:00,3762.75,-0.1327051954084002
2022-06-23 00:00:00-04:00,3799.75,0.9833233672181141
2022-06-24 00:00:00-04:00,3916.25,3.065991183630512
2022-06-27 00:00:00-04:00,3903.75,-0.31918289179699855
2022-06-28 00:00:00-04:00,3825.5,-2.004482869036184
2022-06-29 00:00:00-04:00,3821.25,-0.1110965886812143
2022-06-30 00:00:00-04:00,3789.5,-0.8308799476611006
2022-07-01 00:00:00-04:00,3827.25,0.9961736376830732
2022-07-05 00:00:00-04:00,3834.0,0.17636684303350414
2022-07-06 00:00:00-04:00,3848.25,0.37167449139279274
2022-07-07 00:00:00-04:00,3905.0,1.4746962905216598
2022-07-08 00:00:00-04:00,3901.25,-0.09603072983355165
2022-07-11 00:00:00-04:00,3856.75,-1.1406600448574222
2022-07-12 00:00:00-04:00,3823.75,-0.855642704349513
2022-07-13 00:00:00-04:00,3804.5,-0.5034324942791768
2022-07-14 00:00:00-04:00,3793.25,-0.29570245761597613
2022-07-15 00:00:00-04:00,3865.0,1.8915178277203015
2022-07-18 00:00:00-04:00,3833.75,-0.8085381630012933
2022-07-19 00:00:00-04:00,3937.5,2.706227583958265
2022-07-20 00:00:00-04:00,3962.5,0.6349206349206327
2022-07-21 00:00:00-04:00,4001.25,0.9779179810725624
2022-07-22 00:00:00-04:00,3965.0,-0.9059668853483305
2022-07-25 00:00:00-04:00,3970.0,0.12610340479193294
2022-07-26 00:00:00-04:00,3923.25,-1.1775818639798485
2022-07-27 00:00:00-04:00,4024.5,2.580768495507546
2022-07-28 00:00:00-04:00,4073.5,1.217542551869788
2022-07-29 00:00:00-04:00,4133.5,1.4729348226341088
2022-08-01 00:00:00-04:00,4120.5,-0.3145034474416386
2022-08-02 00:00:00-04:00,4093.75,-0.6491930590947659
2022-08-03 00:00:00-04:00,4156.25,1.526717557251911
2022-08-04 00:00:00-04:00,4152.25,-0.0962406015037609
2022-08-05 00:00:00-04:00,4146.75,-0.13245830573784811
2022-08-08 00:00:00-04:00,4141.75,-0.12057635497678687
2022-08-09 00:00:00-04:00,4124.5,-0.41649061387094566
2022-08-10 00:00:00-04:00,4210.0,2.0729785428536873
2022-08-11 00:00:00-04:00,4209.75,-0.005938242280290051
2022-08-12 00:00:00-04:00,4281.0,1.6924995546053756
2022-08-15 00:00:00-04:00,4298.25,0.4029432375613151
2022-08-16 00:00:00-04:00,4307.75,0.2210201826324587
2022-08-17 00:00:00-04:00,4276.75,-0.7196332191979571
2022-08-18 00:00:00-04:00,4286.5,0.22797685158122416
2022-08-19 00:00:00-04:00,4231.5,-1.2830980986819118
2022-08-22 00:00:00-04:00,4141.25,-2.132813423136004
2022-08-23 00:00:00-04:00,4130.5,-0.25958345910050973
2022-08-24 00:00:00-04:00,4142.75,0.29657426461686676
2022-08-25 00:00:00-04:00,4201.0,1.4060708466598237
2022-08-26 00:00:00-04:00,4059.5,-3.3682456557962426
2022-08-29 00:00:00-04:00,4031.25,-0.6958985096686798
2022-08-30 00:00:00-04:00,3987.5,-1.0852713178294615
2022-08-31 00:00:00-04:00,3956.5,-0.7774294670846449
2022-09-01 00:00:00-04:00,3968.75,0.30961708580816705
2022-09-02 00:00:00-04:00,3924.5,-1.1149606299212578
2022-09-06 00:00:00-04:00,3910.5,-0.3567333418269869
2022-09-07 00:00:00-04:00,3980.0,1.7772663342283668
2022-09-08 00:00:00-04:00,4005.5,0.6407035175879372
2022-09-09 00:00:00-04:00,4067.25,1.5416302583947106
2022-09-12 00:00:00-04:00,4110.75,1.0695187165775444
2022-09-13 00:00:00-04:00,3931.25,-4.366599768898616
2022-09-14 00:00:00-04:00,3947.5,0.41335453100159736
2022-09-15 00:00:00-04:00,3902.0,-1.1526282457251402
2022-09-16 00:00:00-04:00,3871.239990234375,-0.7883139355618907
2022-09-19 00:00:00-04:00,3917.25,1.188508330191107
2022-09-20 00:00:00-04:00,3872.75,-1.1360010211245108
2022-09-21 00:00:00-04:00,3806.25,-1.7171260732038007
2022-09-22 00:00:00-04:00,3772.0,-0.8998357963875159
2022-09-23 00:00:00-04:00,3709.0,-1.6702014846235458
2022-09-26 00:00:00-04:00,3670.0,-1.0514963602049066
2022-09-27 00:00:00-04:00,3661.0,-0.24523160762942586
2022-09-28 00:00:00-04:00,3732.0,1.9393608303742038
2022-09-29 00:00:00-04:00,3654.25,-2.083333333333337
2022-09-30 00:00:00-04:00,3601.5,-1.4435246630635556
2022-10-03 00:00:00-04:00,3690.25,2.4642510065250534
2022-10-04 00:00:00-04:00,3803.25,3.0621231623873646
2022-10-05 00:00:00-04:00,3794.0,-0.24321304147768563
2022-10-06 00:00:00-04:00,3756.75,-0.9818133895624692
2022-10-07 00:00:00-04:00,3653.25,-2.755040926332597
2022-10-10 00:00:00-04:00,3625.25,-0.7664408403476375
2022-10-11 00:00:00-04:00,3599.25,-0.7171919177987762
2022-10-12 00:00:00-04:00,3588.5,-0.2986733347225101
2022-10-13 00:00:00-04:00,3681.75,2.598578793367712
2022-10-14 00:00:00-04:00,3597.5,-2.2883139811231024
2022-10-17 00:00:00-04:00,3689.25,2.550382209867963
2022-10-18 00:00:00-04:00,3732.75,1.1791014433828018
2022-10-19 00:00:00-04:00,3707.25,-0.6831424552943499
2022-10-20 00:00:00-04:00,3675.25,-0.8631735113628691
2022-10-21 00:00:00-04:00,3764.0,2.4148017141691014
2022-10-24 00:00:00-04:00,3809.25,1.202178533475018
2022-10-25 00:00:00-04:00,3870.25,1.6013650981164362
2022-10-26 00:00:00-04:00,3841.0,-0.755765131451458
2022-10-27 00:00:00-04:00,3819.5,-0.5597500650872167
2022-10-28 00:00:00-04:00,3911.25,2.402146877863598
2022-10-31 00:00:00-04:00,3883.0,-0.7222754873761561
2022-11-01 00:00:00-04:00,3866.0,-0.4378058202420765
2022-11-02 00:00:00-04:00,3768.75,-2.5155199172271048
2022-11-03 00:00:00-04:00,3727.75,-1.0878938640132674
2022-11-04 00:00:00-04:00,3779.5,1.3882368721078508
2022-11-07 00:00:00-05:00,3815.25,0.9458923137981134
2022-11-08 00:00:00-05:00,3835.25,0.5242120437717102
2022-11-09 00:00:00-05:00,3755.5,-2.07939508506616
2022-11-10 00:00:00-05:00,3961.0,5.471974437491678
2022-11-11 00:00:00-05:00,4000.25,0.9909113860136376
2022-11-14 00:00:00-05:00,3966.0,-0.8561964877195183
2022-11-15 00:00:00-05:00,3999.5,0.844679778113977
2022-11-16 00:00:00-05:00,3968.5,-0.7750968871108932
2022-11-17 00:00:00-05:00,3955.25,-0.33387929948343054
2022-11-18 00:00:00-05:00,3974.0,0.4740534732317725
2022-11-21 00:00:00-05:00,3958.0,-0.4026170105686955
2022-11-22 00:00:00-05:00,4010.25,1.3201111672561883
2022-11-23 00:00:00-05:00,4033.0,0.5672963032229861
2022-11-25 00:00:00-05:00,4032.5,-0.012397718819734393
2022-11-28 00:00:00-05:00,3970.25,-1.5437073775573462
2022-11-29 00:00:00-05:00,3962.0,-0.20779547887412875
2022-11-30 00:00:00-05:00,4081.25,3.009843513377075
2022-12-01 00:00:00-05:00,4081.75,0.012251148545172619
2022-12-02 00:00:00-05:00,4075.5,-0.15312059778281872
2022-12-05 00:00:00-05:00,4003.25,-1.7727886148938832
2022-12-06 00:00:00-05:00,3945.0,-1.4550677574470705
2022-12-07 00:00:00-05:00,3936.75,-0.20912547528516567
2022-12-08 00:00:00-05:00,3965.75,0.7366482504604033
2022-12-09 00:00:00-05:00,3936.25,-0.7438693815797759
2022-12-12 00:00:00-05:00,3991.75,1.409971419498257
2022-12-13 00:00:00-05:00,4022.25,0.7640759065572711
2022-12-14 00:00:00-05:00,3998.0,-0.6028963888370931
2022-12-15 00:00:00-05:00,3897.0,-2.526263131565787
2022-12-16 00:00:00-05:00,3871.469970703125,-0.6551200743360241
2022-12-19 00:00:00-05:00,3845.5,-0.6708038781044312
2022-12-20 00:00:00-05:00,3849.25,0.09751657781822409
2022-12-21 00:00:00-05:00,3905.75,1.467818406183019
2022-12-22 00:00:00-05:00,3849.25,-1.4465851629008486
2022-12-23 00:00:00-05:00,3869.75,0.5325712801194982
2022-12-27 00:00:00-05:00,3855.0,-0.3811615737450702
2022-12-28 00:00:00-05:00,3807.5,-1.2321660181582317
2022-12-29 00:00:00-05:00,3871.75,1.6874589625738734
2022-12-30 00:00:00-05:00,3861.0,-0.277652224446312
2023-01-03 00:00:00-05:00,3846.0,-0.38850038850039015
2023-01-04 00:00:00-05:00,3874.5,0.7410296411856532
2023-01-05 00:00:00-05:00,3829.0,-1.1743450767841002
2023-01-06 00:00:00-05:00,3915.5,2.2590754766257604
2023-01-09 00:00:00-05:00,3913.75,-0.04469416421912786
2023-01-10 00:00:00-05:00,3940.75,0.6898754391568174
2023-01-11 00:00:00-05:00,3990.0,1.2497621011228865
2023-01-12 00:00:00-05:00,4003.5,0.33834586466165995
2023-01-13 00:00:00-05:00,4018.25,0.3684276258274055
2023-01-17 00:00:00-05:00,4009.5,-0.2177564860324721
2023-01-18 00:00:00-05:00,3945.75,-1.5899738121960327
2023-01-19 00:00:00-05:00,3915.5,-0.7666476588734761
2023-01-20 00:00:00-05:00,3988.5,1.864385135997959
2023-01-23 00:00:00-05:00,4036.5,1.2034599473486285
2023-01-24 00:00:00-05:00,4032.75,-0.092902266815309
2023-01-25 00:00:00-05:00,4032.0,-0.018597731076808177
2023-01-26 00:00:00-05:00,4075.5,1.0788690476190466
2023-01-27 00:00:00-05:00,4084.25,0.2146975831186282
2023-01-30 00:00:00-05:00,4032.5,-1.2670624961743315
2023-01-31 00:00:00-05:00,4090.0,1.4259144451332917
2023-02-01 00:00:00-05:00,4132.25,1.0330073349633206
2023-02-02 00:00:00-05:00,4191.5,1.433843547704039
2023-02-03 00:00:00-05:00,4147.75,-1.0437790767028554
2023-02-06 00:00:00-05:00,4123.5,-0.5846543306612051
2023-02-07 00:00:00-05:00,4175.75,1.2671274402813237
2023-02-08 00:00:00-05:00,4130.5,-1.0836376698796668
2023-02-09 00:00:00-05:00,4091.75,-0.938143081951337
2023-02-10 00:00:00-05:00,4099.75,0.19551536628581445
2023-02-13 00:00:00-05:00,4147.25,1.158607232148312
2023-02-14 00:00:00-05:00,4145.5,-0.042196636325275705
2023-02-15 00:00:00-05:00,4158.25,0.3075624170787661
2023-02-16 00:00:00-05:00,4099.75,-1.406841820477367
2023-02-17 00:00:00-05:00,4087.5,-0.29879870723824586
2023-02-21 00:00:00-05:00,4005.75,-2.0000000000000018
2023-02-22 00:00:00-05:00,3999.0,-0.168507770080506
2023-02-23 00:00:00-05:00,4018.75,0.4938734683670898
2023-02-24 00:00:00-05:00,3975.75,-1.0699844479004628
2023-02-27 00:00:00-05:00,3988.0,0.3081179651638122
2023-02-28 00:00:00-05:00,3975.5,-0.31344032096288776
2023-03-01 00:00:00-05:00,3956.5,-0.4779273047415433
2023-03-02 00:00:00-05:00,3984.75,0.7140149121698469
2023-03-03 00:00:00-05:00,4049.75,1.631219022523367
2023-03-06 00:00:00-05:00,4052.5,0.06790542626087248
2023-03-07 00:00:00-05:00,3989.75,-1.548426896977173
2023-03-08 00:00:00-05:00,3995.0,0.1315871921799605
2023-03-09 00:00:00-05:00,3920.0,-1.8773466833541974
2023-03-10 00:00:00-05:00,3862.75,-1.4604591836734682
2023-03-13 00:00:00-04:00,3856.75,-0.15532975211960398
2023-03-14 00:00:00-04:00,3920.5,1.6529461334024775
2023-03-15 00:00:00-04:00,3892.75,-0.7078178803723967
2023-03-16 00:00:00-04:00,3960.5,1.740414873803875
2023-03-17 00:00:00-04:00,3957.050048828125,-0.08710898047911142
2023-03-20 00:00:00-04:00,3983.0,0.6557903198510129
2023-03-21 00:00:00-04:00,4035.75,1.3243786090886278
2023-03-22 00:00:00-04:00,3970.5,-1.616799851328754
2023-03-23 00:00:00-04:00,3978.0,0.18889308651304226
2023-03-24 00:00:00-04:00,4001.25,0.5844645550527883
2023-03-27 00:00:00-04:00,4007.25,0.1499531396438547
2023-03-28 00:00:00-04:00,4001.5,-0.1434899245118193
2023-03-29 00:00:00-04:00,4057.5,1.399475196801192
2023-03-30 00:00:00-04:00,4080.0,0.5545286506469571
2023-03-31 00:00:00-04:00,4137.75,1.4154411764705888
2023-04-03 00:00:00-04:00,4153.75,0.38668358407347725
2023-04-04 00:00:00-04:00,4129.0,-0.5958471260908871
2023-04-05 00:00:00-04:00,4117.25,-0.28457253572293784
2023-04-06 00:00:00-04:00,4132.0,0.35824883113728667
2023-04-10 00:00:00-04:00,4136.25,0.1028557599225488
2023-04-11 00:00:00-04:00,4136.5,0.00604412209126437
2023-04-12 00:00:00-04:00,4119.0,-0.42306297594584263
2023-04-13 00:00:00-04:00,4172.75,1.30492838067493
2023-04-14 00:00:00-04:00,4163.75,-0.21568509975435912
2023-04-17 00:00:00-04:00,4176.75,0.3122185529870869
2023-04-18 00:00:00-04:00,4180.0,0.07781169569640589
2023-04-19 00:00:00-04:00,4178.5,-0.03588516746411141
2023-04-20 00:00:00-04:00,4152.5,-0.6222328586813486
2023-04-21 00:00:00-04:00,4156.75,0.10234798314268101
2023-04-24 00:00:00-04:00,4159.5,0.06615745474227719
2023-04-25 00:00:00-04:00,4093.25,-1.5927395119605725
2023-04-26 00:00:00-04:00,4076.0,-0.4214255176204773
2023-04-27 00:00:00-04:00,4153.75,1.9075073601570125
2023-04-28 00:00:00-04:00,4188.5,0.8365934396629582
2023-05-01 00:00:00-04:00,4185.75,-0.06565596275516228
2023-05-02 00:00:00-04:00,4136.75,-1.1706384757809274
2023-05-03 00:00:00-04:00,4107.5,-0.7070768115066128
2023-05-04 00:00:00-04:00,4075.75,-0.7729762629336556
2023-05-05 00:00:00-04:00,4150.25,1.8278844384469028
2023-05-08 00:00:00-04:00,4152.75,0.06023733510029938
2023-05-09 00:00:00-04:00,4134.0,-0.4515080368430513
2023-05-10 00:00:00-04:00,4152.0,0.4354136429608024
2023-05-11 00:00:00-04:00,4143.75,-0.19869942196532042
2023-05-12 00:00:00-04:00,4138.0,-0.13876319758672206
2023-05-15 00:00:00-04:00,4150.0,0.2899951667472145
2023-05-16 00:00:00-04:00,4123.0,-0.6506024096385565
2023-05-17 00:00:00-04:00,4171.5,1.1763279165656115
2023-05-18 00:00:00-04:00,4212.0,0.9708737864077666
2023-05-19 00:00:00-04:00,4204.75,-0.17212725546058572
2023-05-22 00:00:00-04:00,4205.0,0.005945656697781132
2023-05-23 00:00:00-04:00,4158.75,-1.099881093935795
2023-05-24 00:00:00-04:00,4126.0,-0.7874962428614407
2023-05-25 00:00:00-04:00,4159.75,0.8179835191468809
2023-05-26 00:00:00-04:00,4213.25,1.2861349840735725
2023-05-30 00:00:00-04:00,4215.0,0.04153563163828977
2023-05-31 00:00:00-04:00,4190.5,-0.5812574139976268
2023-06-01 00:00:00-04:00,4228.0,0.8948812790836369
2023-06-02 00:00:00-04:00,4288.0,1.4191106906338735
2023-06-05 00:00:00-04:00,4281.0,-0.16324626865671377
2023-06-06 00:00:00-04:00,4289.75,0.2043914973137051
2023-06-07 00:00:00-04:00,4274.25,-0.3613264176234088
2023-06-08 00:00:00-04:00,4298.25,0.5615020178978858
2023-06-09 00:00:00-04:00,4304.75,0.15122433548537817
2023-06-12 00:00:00-04:00,4342.75,0.8827458040536529
2023-06-13 00:00:00-04:00,4371.75,0.6677796327211993
2023-06-14 00:00:00-04:00,4374.25,0.0571853376794218
2023-06-15 00:00:00-04:00,4426.5,1.1944904840829773
2023-06-16 00:00:00-04:00,4453.35009765625,0.6065762488704385
2023-06-20 00:00:00-04:00,4434.75,-0.417665291261049
2023-06-21 00:00:00-04:00,4409.25,-0.5750042279722645
2023-06-22 00:00:00-04:00,4423.75,0.3288541135113787
2023-06-23 00:00:00-04:00,4389.0,-0.7855326363379489
2023-06-26 00:00:00-04:00,4370.25,-0.42720437457279825
2023-06-27 00:00:00-04:00,4418.75,1.1097763285853102
2023-06-28 00:00:00-04:00,4417.5,-0.028288543140031486
2023-06-29 00:00:00-04:00,4435.75,0.4131295981890215
2023-06-30 00:00:00-04:00,4488.25,1.1835653497153764
2023-07-03 00:00:00-04:00,4492.25,0.08912159527656449
2023-07-05 00:00:00-04:00,4483.75,-0.18921475875117721
2023-07-06 00:00:00-04:00,4447.0,-0.819626428770559
2023-07-07 00:00:00-04:00,4434.0,-0.2923319091522325
2023-07-10 00:00:00-04:00,4444.25,0.23116824537663394
2023-07-11 00:00:00-04:00,4473.5,0.6581537942284887
2023-07-12 00:00:00-04:00,4507.5,0.7600312954062716
2023-07-13 00:00:00-04:00,4543.5,0.7986688851913559
2023-07-14 00:00:00-04:00,4536.75,-0.14856388246946572
2023-07-17 00:00:00-04:00,4553.75,0.3747175841736894
2023-07-18 00:00:00-04:00,4587.75,0.7466373867691445
2023-07-19 00:00:00-04:00,4597.0,0.20162388970628164
2023-07-20 00:00:00-04:00,4565.5,-0.685229497498363
2023-07-21 00:00:00-04:00,4564.75,-0.01642755448472144
2023-07-24 00:00:00-04:00,4583.5,0.41075633933951305
2023-07-25 00:00:00-04:00,4596.0,0.2727173557325102
2023-07-26 00:00:00-04:00,4595.25,-0.016318537859005833
2023-07-27 00:00:00-04:00,4564.25,-0.6746096512703303
2023-07-28 00:00:00-04:00,4606.5,0.9256723448540338
2023-07-31 00:00:00-04:00,4614.5,0.17366764354715958
2023-08-01 00:00:00-04:00,4601.25,-0.28713836818723415
2023-08-02 00:00:00-04:00,4537.25,-1.3909263787014403
2023-08-03 00:00:00-04:00,4521.75,-0.34161661799547716
2023-08-04 00:00:00-04:00,4498.0,-0.525239122021337
2023-08-07 00:00:00-04:00,4537.75,0.8837261004891017
2023-08-08 00:00:00-04:00,4518.5,-0.4242190512919408
2023-08-09 00:00:00-04:00,4485.75,-0.7247980524510367
2023-08-10 00:00:00-04:00,4485.75,0.0
2023-08-11 00:00:00-04:00,4480.75,-0.11146408069999669
2023-08-14 00:00:00-04:00,4506.0,0.5635217318529229
2023-08-15 00:00:00-04:00,4454.0,-1.1540168664003536
2023-08-16 00:00:00-04:00,4420.0,-0.7633587786259555
2023-08-17 00:00:00-04:00,4384.5,-0.8031674208144768
2023-08-18 00:00:00-04:00,4382.75,-0.03991333105257677
2023-08-21 00:00:00-04:00,4412.5,0.6787975586104666
2023-08-22 00:00:00-04:00,4399.25,-0.30028328611898525
2023-08-23 00:00:00-04:00,4447.0,1.08541228618515
2023-08-24 00:00:00-04:00,4386.0,-1.3717112660220354
2023-08-25 00:00:00-04:00,4414.25,0.6440948472412167
2023-08-28 00:00:00-04:00,4442.25,0.6343093390723142
2023-08-29 00:00:00-04:00,4506.75,1.451966908661162
2023-08-30 00:00:00-04:00,4524.25,0.38830642924501113
2023-08-31 00:00:00-04:00,4516.0,-0.1823506658562235
2023-09-01 00:00:00-04:00,4521.5,0.1217891939769622
2023-09-05 00:00:00-04:00,4502.5,-0.4202145305761351
2023-09-06 00:00:00-04:00,4471.5,-0.6885063853414808
2023-09-07 00:00:00-04:00,4456.25,-0.34104886503411036
2023-09-08 00:00:00-04:00,4461.75,0.12342215988778715
2023-09-11 00:00:00-04:00,4490.25,0.638762817280214
2023-09-12 00:00:00-04:00,4465.0,-0.5623294916764054
2023-09-13 00:00:00-04:00,4468.75,0.08398656215005129
2023-09-14 00:00:00-04:00,4506.0,0.8335664335664239
2023-09-15 00:00:00-04:00,4491.72021484375,-0.31690601767088156
2023-09-18 00:00:00-04:00,4501.5,0.2177291703060913
2023-09-19 00:00:00-04:00,4490.0,-0.25547039875597477
2023-09-20 00:00:00-04:00,4447.0,-0.9576837416481077
2023-09-21 00:00:00-04:00,4372.0,-1.6865302451090636
2023-09-22 00:00:00-04:00,4361.0,-0.25160109789570395
2023-09-25 00:00:00-04:00,4378.75,0.40701673927998616
2023-09-26 00:00:00-04:00,4314.75,-1.4616043391378786
2023-09-27 00:00:00-04:00,4313.5,-0.028970392259108912
2023-09-28 00:00:00-04:00,4337.5,0.5563927205285646
2023-09-29 00:00:00-04:00,4325.5,-0.27665706051873684
2023-10-02 00:00:00-04:00,4324.25,-0.02889839324933252
2023-10-03 00:00:00-04:00,4264.75,-1.3759611493322499
2023-10-04 00:00:00-04:00,4297.75,0.7737850987748374
2023-10-05 00:00:00-04:00,4290.75,-0.16287592344831348
2023-10-06 00:00:00-04:00,4341.5,1.1827769038047053
2023-10-09 00:00:00-04:00,4368.75,0.6276632500287871
2023-10-10 00:00:00-04:00,4391.5,0.5207439198855468
2023-10-11 00:00:00-04:00,4409.75,0.41557554366389304
2023-10-12 00:00:00-04:00,4380.5,-0.6633029083281339
2023-10-13 00:00:00-04:00,4357.25,-0.5307613286154589
2023-10-16 00:00:00-04:00,4401.0,1.004073670319583
2023-10-17 00:00:00-04:00,4401.75,0.017041581458765442
2023-10-18 00:00:00-04:00,4342.25,-1.3517351053558224
2023-10-19 00:00:00-04:00,4303.0,-0.903909263630609
2023-10-20 00:00:00-04:00,4248.5,-1.2665582151986987
2023-10-23 00:00:00-04:00,4241.75,-0.1588796045663199
2023-10-24 00:00:00-04:00,4271.25,0.695467672540806
2023-10-25 00:00:00-04:00,4209.75,-1.4398595258999114
2023-10-26 00:00:00-04:00,4156.5,-1.2649207197577006
2023-10-27 00:00:00-04:00,4137.75,-0.45110068567304484
2023-10-30 00:00:00-04:00,4185.75,1.1600507522204095
2023-10-31 00:00:00-04:00,4212.25,0.6331004001672413
2023-11-01 00:00:00-04:00,4256.0,1.0386373078520972
2023-11-02 00:00:00-04:00,4335.75,1.8738251879699241
2023-11-03 00:00:00-04:00,4376.0,0.9283284322204821
2023-11-06 00:00:00-05:00,4384.25,0.1885283363802559
2023-11-07 00:00:00-05:00,4396.0,0.26800478987283327
2023-11-08 00:00:00-05:00,4399.5,0.07961783439489611
2023-11-09 00:00:00-05:00,4362.25,-0.8466871235367601
2023-11-10 00:00:00-05:00,4430.5,1.5645595736145435
2023-11-13 00:00:00-05:00,4425.25,-0.11849678365872807
2023-11-14 00:00:00-05:00,4511.0,1.937743630303368
2023-11-15 00:00:00-05:00,4519.25,0.18288627798714874
2023-11-16 00:00:00-05:00,4523.25,0.08851026165845877
2023-11-17 00:00:00-05:00,4527.5,0.093958989664511
2023-11-20 00:00:00-05:00,4562.25,0.7675317504141299
2023-11-21 00:00:00-05:00,4551.25,-0.24110910186859735
2023-11-22 00:00:00-05:00,4567.25,0.3515517714913541
2023-11-23 00:00:00-05:00,4569.5,0.04926378017406918
2023-11-24 00:00:00-05:00,4568.25,-0.02735529051318686
2023-11-27 00:00:00-05:00,4561.0,-0.158704098943796
2023-11-28 00:00:00-05:00,4563.0,0.043850032887515766
2023-11-29 00:00:00-05:00,4559.25,-0.08218277449046907
2023-11-30 00:00:00-05:00,4576.75,0.38383506059109784
2023-12-01 00:00:00-05:00,4600.75,0.5243895777571339
2023-12-04 00:00:00-05:00,4576.5,-0.5270879747867219
2023-12-05 00:00:00-05:00,4575.0,-0.032776138970824764
2023-12-06 00:00:00-05:00,4556.0,-0.415300546448083
2023-12-07 00:00:00-05:00,4589.5,0.7352941176470562
2023-12-08 00:00:00-05:00,4607.5,0.3921995860115546
2023-12-11 00:00:00-05:00,4626.0,0.4015192620727026
2023-12-12 00:00:00-05:00,4645.75,0.4269347168179838
2023-12-13 00:00:00-05:00,4708.25,1.3453156110423414
2023-12-14 00:00:00-05:00,4721.75,0.2867307385971518
2023-12-15 00:00:00-05:00,4694.27001953125,-0.5819871968814505
2023-12-18 00:00:00-05:00,4793.0,2.1032019900425025
2023-12-19 00:00:00-05:00,4820.25,0.5685374504485807
2023-12-20 00:00:00-05:00,4749.75,-1.4625797417146424
2023-12-21 00:00:00-05:00,4796.75,0.989525764513921
2023-12-22 00:00:00-05:00,4805.25,0.17720331474435635
2023-12-26 00:00:00-05:00,4825.0,0.41100879246658284
2023-12-27 00:00:00-05:00,4833.5,0.17616580310881869
2023-12-28 00:00:00-05:00,4832.25,-0.02586117720078107
2023-12-29 00:00:00-05:00,4820.0,-0.253505095969786
2024-01-02 00:00:00-05:00,4787.25,-0.6794605809128607
2024-01-03 00:00:00-05:00,4746.5,-0.8512193848242755
2024-01-04 00:00:00-05:00,4729.5,-0.35815864321078195
2024-01-05 00:00:00-05:00,4734.75,0.1110053916904441
2024-01-08 00:00:00-05:00,4801.25,1.4045092137916493
2024-01-09 00:00:00-05:00,4792.75,-0.17703722988805515
2024-01-10 00:00:00-05:00,4820.25,0.5737833185540664
2024-01-11 00:00:00-05:00,4815.5,-0.09854260671127157
2024-01-12 00:00:00-05:00,4816.5,0.020766275568484538
2024-01-16 00:00:00-05:00,4798.5,-0.3737153534724369
2024-01-17 00:00:00-05:00,4771.25,-0.5678857976450957
2024-01-18 00:00:00-05:00,4811.25,0.8383547288446369
2024-01-19 00:00:00-05:00,4869.5,1.2107040789815615
2024-01-22 00:00:00-05:00,4881.0,0.23616387719478382
2024-01-23 00:00:00-05:00,4895.0,0.2868264699856571
2024-01-24 00:00:00-05:00,4898.0,0.06128702757917104
2024-01-25 00:00:00-05:00,4923.25,0.5155165373621928
2024-01-26 00:00:00-05:00,4916.25,-0.1421825013964373
2024-01-29 00:00:00-05:00,4954.5,0.7780320366132631
2024-01-30 00:00:00-05:00,4951.0,-0.07064284993439918
2024-01-31 00:00:00-05:00,4870.5,-1.6259341547162243
2024-02-01 00:00:00-05:00,4928.5,1.1908428292783046
2024-02-02 00:00:00-05:00,4980.25,1.050015217611855
2024-02-05 00:00:00-05:00,4962.0,-0.36644746749661117
2024-02-06 00:00:00-05:00,4974.75,0.2569528415961253
2024-02-07 00:00:00-05:00,5015.25,0.8141112618724522
2024-02-08 00:00:00-05:00,5017.75,0.04984796371068079
2024-02-09 00:00:00-05:00,5044.0,0.5231428429076868
2024-02-12 00:00:00-05:00,5041.25,-0.05452022204599505
2024-02-13 00:00:00-05:00,4971.25,-1.388544507810563
2024-02-14 00:00:00-05:00,5018.0,0.9404073422177417
2024-02-15 00:00:00-05:00,5046.5,0.5679553607014665
2024-02-16 00:00:00-05:00,5019.75,-0.530070345784206
2024-02-20 00:00:00-05:00,4991.5,-0.5627770307286228
2024-02-21 00:00:00-05:00,4996.25,0.0951617750175382
2024-02-22 00:00:00-05:00,5097.75,2.031523642732047
2024-02-23 00:00:00-05:00,5101.5,0.07356186552891497
2024-02-26 00:00:00-05:00,5080.25,-0.4165441536802872
2024-02-27 00:00:00-05:00,5090.0,0.19191968899168188
2024-02-28 00:00:00-05:00,5081.0,-0.17681728880156733
2024-02-29 00:00:00-05:00,5103.75,0.44774650659318294
2024-03-01 00:00:00-05:00,5146.0,0.8278226794024013
2024-03-04 00:00:00-05:00,5138.25,-0.1506024096385561
2024-03-05 00:00:00-05:00,5085.75,-1.0217486498321438
2024-03-06 00:00:00-05:00,5111.75,0.5112323649412609
2024-03-07 00:00:00-05:00,5161.75,0.9781386022399419
2024-03-08 00:00:00-05:00,5129.0,-0.6344747420932828
2024-03-11 00:00:00-04:00,5123.0,-0.11698186781048392
2024-03-12 00:00:00-04:00,5177.25,1.0589498340815906
2024-03-13 00:00:00-04:00,5168.0,-0.17866628036119492
2024-03-14 00:00:00-04:00,5153.75,-0.27573529411765163
2024-03-15 00:00:00-04:00,5101.669921875,-1.010527831675967
2024-03-18 00:00:00-04:00,5214.75,2.2165306626391823
2024-03-19 00:00:00-04:00,5241.75,0.5177621170717739
2024-03-20 00:00:00-04:00,5286.75,0.8584919158677984
2024-03-21 00:00:00-04:00,5302.5,0.2979145978152964
2024-03-22 00:00:00-04:00,5293.25,-0.17444601603017196
2024-03-25 00:00:00-04:00,5278.25,-0.2833797761299772
2024-03-26 00:00:00-04:00,5265.25,-0.24629375266423947
2024-03-27 00:00:00-04:00,5308.25,0.8166753715398212
2024-03-28 00:00:00-04:00,5308.5,0.004709650072998173
2024-04-01 00:00:00-04:00,5295.25,-0.24959969859659203
2024-04-02 00:00:00-04:00,5260.5,-0.656248524621128
2024-04-03 00:00:00-04:00,5266.5,0.11405759908753588
2024-04-04 00:00:00-04:00,5197.25,-1.3149150289566092
2024-04-05 00:00:00-04:00,5253.0,1.0726826687190272
2024-04-08 00:00:00-04:00,5253.25,0.004759185227487528
2024-04-09 00:00:00-04:00,5260.25,0.13325084471518256
2024-04-10 00:00:00-04:00,5207.75,-0.998051423411439
2024-04-11 00:00:00-04:00,5243.25,0.6816763477509591
2024-04-12 00:00:00-04:00,5167.5,-1.4447146330996974
2024-04-15 00:00:00-04:00,5104.0,-1.2288340590227431
2024-04-16 00:00:00-04:00,5092.5,-0.2253134796238232
2024-04-17 00:00:00-04:00,5062.25,-0.5940108001963651
2024-04-18 00:00:00-04:00,5049.0,-0.2617413205590391
2024-04-19 00:00:00-04:00,5003.75,-0.8962170726876661
2024-04-22 00:00:00-04:00,5047.5,0.8743442418186254
2024-04-23 00:00:00-04:00,5106.5,1.1688954928182227
2024-04-24 00:00:00-04:00,5107.5,0.01958288455889967
2024-04-25 00:00:00-04:00,5082.25,-0.49437102300537994
2024-04-26 00:00:00-04:00,5131.5,0.9690589797825666
2024-04-29 00:00:00-04:00,5147.0,0.3020559290655811
2024-04-30 00:00:00-04:00,5067.0,-1.5543034777540266
2024-05-01 00:00:00-04:00,5046.5,-0.4045786461417067
2024-05-02 00:00:00-04:00,5091.5,0.8917071237491303
2024-05-03 00:00:00-04:00,5154.75,1.242266522635771
2024-05-06 00:00:00-04:00,5206.5,1.0039284155390682
2024-05-07 00:00:00-04:00,5213.75,0.13924901565351977
2024-05-08 00:00:00-04:00,5212.75,-0.019180052745149112
2024-05-09 00:00:00-04:00,5239.0,0.5035729701213354
2024-05-10 00:00:00-04:00,5246.25,0.1383851880129905
2024-05-13 00:00:00-04:00,5245.5,-0.014295925661189646
2024-05-14 00:00:00-04:00,5269.5,0.45753503002574636
2024-05-15 00:00:00-04:00,5333.0,1.205047917259705
2024-05-16 00:00:00-04:00,5320.25,-0.23907744234014094
2024-05-17 00:00:00-04:00,5327.25,0.13157276443775956
2024-05-20 00:00:00-04:00,5331.75,0.0844713501337413
2024-05-21 00:00:00-04:00,5345.25,0.2532001688001051
2024-05-22 00:00:00-04:00,5328.0,-0.3227164304756558
2024-05-23 00:00:00-04:00,5285.25,-0.8023648648648685
2024-05-24 00:00:00-04:00,5321.5,0.6858710562414272
2024-05-28 00:00:00-04:00,5324.75,0.06107300573146013
2024-05-29 00:00:00-04:00,5284.0,-0.7652941452650386
2024-05-30 00:00:00-04:00,5253.0,-0.5866767600302802
2024-05-31 00:00:00-04:00,5295.5,0.8090614886731462
2024-06-03 00:00:00-04:00,5297.25,0.033046926635815765
2024-06-04 00:00:00-04:00,5304.0,0.1274246071074625
2024-06-05 00:00:00-04:00,5366.0,1.1689291101055765
2024-06-06 00:00:00-04:00,5364.0,-0.0372717107715248
2024-06-07 00:00:00-04:00,5355.75,-0.15380313199104823
2024-06-10 00:00:00-04:00,5371.25,0.28940857956401
2024-06-11 00:00:00-04:00,5384.0,0.23737491272981526
2024-06-12 00:00:00-04:00,5427.5,0.8079494799405618
2024-06-13 00:00:00-04:00,5438.5,0.20267157991709084
2024-06-14 00:00:00-04:00,5437.5,-0.018387423002663716
2024-06-17 00:00:00-04:00,5478.5,0.7540229885057537
2024-06-18 00:00:00-04:00,5491.0,0.22816464360682076
2024-06-20 00:00:00-04:00,5476.75,-0.2595155709342545
2024-06-21 00:00:00-04:00,5471.89013671875,-0.08873626295248238
2024-06-24 00:00:00-04:00,5517.0,0.8243927080798574
2024-06-25 00:00:00-04:00,5537.0,0.36251586006887937
2024-06-26 00:00:00-04:00,5543.5,0.11739208957919356
2024-06-27 00:00:00-04:00,5546.0,0.04509786236133184
2024-06-28 00:00:00-04:00,5521.5,-0.4417598269022771
2024-07-01 00:00:00-04:00,5533.75,0.22186000181110277
2024-07-02 00:00:00-04:00,5568.75,0.6324824937881113
2024-07-03 00:00:00-04:00,5590.25,0.38608305274971944
2024-07-05 00:00:00-04:00,5621.5,0.55900898886454
2024-07-08 00:00:00-04:00,5625.25,0.06670817397491646
2024-07-09 00:00:00-04:00,5631.25,0.10666192613661973
2024-07-10 00:00:00-04:00,5688.0,1.0077691453939996
2024-07-11 00:00:00-04:00,5639.75,-0.8482770745429025
2024-07-12 00:00:00-04:00,5664.75,0.4432820603750276
2024-07-15 00:00:00-04:00,5683.0,0.32216779204730095
2024-07-16 00:00:00-04:00,5717.25,0.602674643674117
2024-07-17 00:00:00-04:00,5639.0,-1.3686650050286464
2024-07-18 00:00:00-04:00,5594.5,-0.7891470118815413
2024-07-19 00:00:00-04:00,5553.75,-0.7283939583519583
2024-07-22 00:00:00-04:00,5610.75,1.0263335584064892
2024-07-23 00:00:00-04:00,5599.25,-0.20496368578175606
2024-07-24 00:00:00-04:00,5472.0,-2.2726257980979603
2024-07-25 00:00:00-04:00,5441.25,-0.5619517543859698
2024-07-26 00:00:00-04:00,5499.0,1.06133700895934
2024-07-29 00:00:00-04:00,5503.0,0.07274049827241669
2024-07-30 00:00:00-04:00,5472.5,-0.5542431401053927
2024-07-31 00:00:00-04:00,5558.0,1.5623572407492015
2024-08-01 00:00:00-04:00,5480.25,-1.3988844908240372
2024-08-02 00:00:00-04:00,5376.0,-1.9022854796770239
2024-08-05 00:00:00-04:00,5217.5,-2.9482886904761862
2024-08-06 00:00:00-04:00,5266.25,0.9343555342597121
2024-08-07 00:00:00-04:00,5227.5,-0.7358177070970751
2024-08-08 00:00:00-04:00,5348.25,2.3098995695839397
2024-08-09 00:00:00-04:00,5370.25,0.4113495068480244
2024-08-12 00:00:00-04:00,5369.75,-0.009310553512409392
2024-08-13 00:00:00-04:00,5459.0,1.6620885516085426
2024-08-14 00:00:00-04:00,5477.0,0.32973071991206915
2024-08-15 00:00:00-04:00,5567.5,1.6523644330838083
2024-08-16 00:00:00-04:00,5578.25,0.19308486753479848
2024-08-19 00:00:00-04:00,5630.0,0.9277103034105671
2024-08-20 00:00:00-04:00,5619.75,-0.1820603907637608
2024-08-21 00:00:00-04:00,5641.5,0.3870278926998427
2024-08-22 00:00:00-04:00,5594.0,-0.8419746521315274
2024-08-23 00:00:00-04:00,5652.5,1.0457633178405423
2024-08-26 00:00:00-04:00,5637.0,-0.2742149491375523
2024-08-27 00:00:00-04:00,5644.75,0.13748447755899118
2024-08-28 00:00:00-04:00,5610.25,-0.6111873865095929
2024-08-29 00:00:00-04:00,5610.0,-0.004456129405994158
2024-08-30 00:00:00-04:00,5661.0,0.9090909090909038
2024-09-03 00:00:00-04:00,5541.75,-2.1065182829888673
2024-09-04 00:00:00-04:00,5530.0,-0.21202688681373205
2024-09-05 00:00:00-04:00,5512.25,-0.32097649186256794
2024-09-06 00:00:00-04:00,5419.5,-1.6826159916549455
2024-09-09 00:00:00-04:00,5479.5,1.1071132023249275
2024-09-10 00:00:00-04:00,5504.0,0.4471210876904719
2024-09-11 00:00:00-04:00,5561.25,1.0401526162790775
2024-09-12 00:00:00-04:00,5602.25,0.737244324567321
2024-09-13 00:00:00-04:00,5629.75,0.4908742023294277
2024-09-16 00:00:00-04:00,5638.0,0.14654291931257557
2024-09-17 00:00:00-04:00,5639.0,0.017736786094357804
2024-09-18 00:00:00-04:00,5620.75,-0.32363894307501084
2024-09-19 00:00:00-04:00,5717.75,1.7257483431926346
2024-09-20 00:00:00-04:00,5699.990234375,-0.31060759258449977
2024-09-23 00:00:00-04:00,5776.75,1.3466648620217514
2024-09-24 00:00:00-04:00,5792.0,0.2639892673215849
2024-09-25 00:00:00-04:00,5779.0,-0.22444751381215378
2024-09-26 00:00:00-04:00,5804.5,0.4412528119051684
2024-09-27 00:00:00-04:00,5791.25,-0.22827116892066845
2024-09-30 00:00:00-04:00,5814.25,0.39715087416360983
2024-10-01 00:00:00-04:00,5759.75,-0.9373521950380548
2024-10-02 00:00:00-04:00,5760.25,0.008680932332127966
2024-10-03 00:00:00-04:00,5749.5,-0.18662384445119473
2024-10-04 00:00:00-04:00,5800.0,0.8783372467171091
2024-10-07 00:00:00-04:00,5744.75,-0.9525862068965552
2024-10-08 00:00:00-04:00,5800.5,0.9704512816049338
2024-10-09 00:00:00-04:00,5841.25,0.7025256443410122
2024-10-10 00:00:00-04:00,5829.0,-0.20971538626149977
2024-10-11 00:00:00-04:00,5859.75,0.5275347400926389
2024-10-14 00:00:00-04:00,5908.25,0.8276803617901729
2024-10-15 00:00:00-04:00,5862.75,-0.7701095925189305
2024-10-16 00:00:00-04:00,5887.0,0.4136284166986526
2024-10-17 00:00:00-04:00,5887.0,0.0
2024-10-18 00:00:00-04:00,5906.0,0.32274503142517563
2024-10-21 00:00:00-04:00,5896.25,-0.16508635286149875
2024-10-22 00:00:00-04:00,5892.5,-0.06359974560101733
2024-10-23 00:00:00-04:00,5837.75,-0.9291472210437024
2024-10-24 00:00:00-04:00,5849.0,0.1927112329236369
2024-10-25 00:00:00-04:00,5846.0,-0.051290818943405814
2024-10-28 00:00:00-04:00,5861.5,0.2651385562777886
2024-10-29 00:00:00-04:00,5871.0,0.16207455429497752
2024-10-30 00:00:00-04:00,5852.0,-0.3236245954692518
2024-10-31 00:00:00-04:00,5738.5,-1.9395078605604965
2024-11-01 00:00:00-04:00,5758.25,0.344166594057671
2024-11-04 00:00:00-05:00,5743.25,-0.26049581035905156
2024-11-05 00:00:00-05:00,5812.25,1.2014103512819396
2024-11-06 00:00:00-05:00,5958.25,2.5119359972471944
2024-11-07 00:00:00-05:00,6003.75,0.7636470440145926
2024-11-08 00:00:00-05:00,6025.25,0.35810951488652876
2024-11-11 00:00:00-05:00,6031.75,0.10787934110618735
2024-11-12 00:00:00-05:00,6013.0,-0.31085505864798524
2024-11-13 00:00:00-05:00,6016.0,0.04989190088142692
2024-11-14 00:00:00-05:00,5978.25,-0.6274933510638347
2024-11-15 00:00:00-05:00,5896.5,-1.3674570317400603
2024-11-18 00:00:00-05:00,5920.0,0.39854150767404395
2024-11-19 00:00:00-05:00,5938.75,0.3167229729729826
2024-11-20 00:00:00-05:00,5937.75,-0.01683856030308961
2024-11-21 00:00:00-05:00,5970.5,0.5515557239695212
2024-11-22 00:00:00-05:00,5987.0,0.27635876392262393
2024-11-25 00:00:00-05:00,6006.5,0.32570569567396124
2024-11-26 00:00:00-05:00,6038.25,0.5285940231416042
2024-11-27 00:00:00-05:00,6015.0,-0.385045335983103
2024-11-29 00:00:00-05:00,6051.5,0.6068162926018195
2024-12-02 00:00:00-05:00,6061.75,0.1693794926877601
2024-12-03 00:00:00-05:00,6063.25,0.024745329319086906
2024-12-04 00:00:00-05:00,6098.5,0.5813713767369055
2024-12-05 00:00:00-05:00,6088.75,-0.15987537919160966
2024-12-06 00:00:00-05:00,6099.0,0.1683432560049214
2024-12-09 00:00:00-05:00,6065.75,-0.5451713395638658
2024-12-10 00:00:00-05:00,6046.25,-0.3214771462720978
2024-12-11 00:00:00-05:00,6092.75,0.7690717386809931
2024-12-12 00:00:00-05:00,6060.75,-0.525214394156992
2024-12-13 00:00:00-05:00,6055.5,-0.08662294270510573
2024-12-16 00:00:00-05:00,6080.5,0.412847824291962
2024-12-17 00:00:00-05:00,6053.75,-0.43993092673300094
2024-12-18 00:00:00-05:00,5872.25,-2.9981416477390055
2024-12-19 00:00:00-05:00,5868.75,-0.059602367065436646
2024-12-20 00:00:00-05:00,5840.259765625,-0.4854566027689078
2024-12-23 00:00:00-05:00,6036.0,3.3515672629341076
2024-12-24 00:00:00-05:00,6098.0,1.0271703114645536
2024-12-26 00:00:00-05:00,6095.25,-0.0450967530337798
2024-12-27 00:00:00-05:00,6027.0,-1.1197243755383335
2024-12-30 00:00:00-05:00,5958.75,-1.1324041811846652
2024-12-31 00:00:00-05:00,5935.75,-0.3859869939165095
2025-01-02 00:00:00-05:00,5916.5,-0.32430611127489684
2025-01-03 00:00:00-05:00,5989.5,1.2338375728893736
2025-01-06 00:00:00-05:00,6020.5,0.5175724183988706
2025-01-07 00:00:00-05:00,5954.25,-1.1004069429449426
2025-01-08 00:00:00-05:00,5959.25,0.08397363227945487
2025-01-09 00:00:00-05:00,5944.75,-0.24331920963208686
2025-01-10 00:00:00-05:00,5866.25,-1.3204928718617226
2025-01-13 00:00:00-05:00,5874.5,0.1406349882804081
2025-01-14 00:00:00-05:00,5882.25,0.13192612137202797
2025-01-15 00:00:00-05:00,5989.0,1.8147817586807724
2025-01-16 00:00:00-05:00,5975.5,-0.22541325763900666
2025-01-17 00:00:00-05:00,6033.5,0.9706300727972517
2025-01-21 00:00:00-05:00,6084.25,0.8411369851661465
2025-01-22 00:00:00-05:00,6120.5,0.5958006327813514
2025-01-23 00:00:00-05:00,6152.0,0.5146638346540389
2025-01-24 00:00:00-05:00,6133.25,-0.30477893368010545
2025-01-27 00:00:00-05:00,6046.75,-1.4103452492561064
2025-01-28 00:00:00-05:00,6097.0,0.8310249307479145
2025-01-29 00:00:00-05:00,6067.5,-0.48384451369526404
2025-01-30 00:00:00-05:00,6099.25,0.5232797692624747
2025-01-31 00:00:00-05:00,6067.25,-0.5246546706562327
2025-02-03 00:00:00-05:00,6022.25,-0.7416869257076963
2025-02-04 00:00:00-05:00,6063.0,0.6766573954917199
2025-02-05 00:00:00-05:00,6086.5,0.3875968992248069
2025-02-06 00:00:00-05:00,6106.0,0.32038117144499445
2025-02-07 00:00:00-05:00,6049.5,-0.925319358008514
2025-02-10 00:00:00-05:00,6088.75,0.6488139515662406
2025-02-11 00:00:00-05:00,6092.25,0.05748306302606476
2025-02-12 00:00:00-05:00,6072.75,-0.32007878862488903
2025-02-13 00:00:00-05:00,6135.25,1.0291877650158598
2025-02-14 00:00:00-05:00,6132.0,-0.0529725765046285
2025-02-18 00:00:00-05:00,6146.75,0.24054142204827933
2025-02-19 00:00:00-05:00,6163.0,0.2643673485988485
2025-02-20 00:00:00-05:00,6136.5,-0.42998539672237657
2025-02-21 00:00:00-05:00,6029.0,-1.7518129226757884
2025-02-24 00:00:00-05:00,6000.75,-0.4685685851716692
2025-02-25 00:00:00-05:00,5970.0,-0.5124359455068062
2025-02-26 00:00:00-05:00,5970.75,0.012562814070360417
2025-02-27 00:00:00-05:00,5876.25,-1.582715739228735
2025-02-28 00:00:00-05:00,5963.25,1.4805360561582548
2025-03-03 00:00:00-05:00,5860.75,-1.7188613591581747
2025-03-04 00:00:00-05:00,5789.5,-1.2157147122808465
2025-03-05 00:00:00-05:00,5851.25,1.066586060972452
2025-03-06 00:00:00-05:00,5746.25,-1.7944883571886394
2025-03-07 00:00:00-05:00,5776.0,0.5177289536654417
2025-03-10 00:00:00-04:00,5620.75,-2.687846260387816
2025-03-11 00:00:00-04:00,5577.0,-0.7783658764399792
2025-03-12 00:00:00-04:00,5604.75,0.4975793437331788
2025-03-13 00:00:00-04:00,5527.5,-1.37829519603907
2025-03-14 00:00:00-04:00,5640.0,2.0352781546811416
2025-03-17 00:00:00-04:00,5680.25,0.7136524822695112
2025-03-18 00:00:00-04:00,5618.0,-1.0959024690814667
2025-03-19 00:00:00-04:00,5678.5,1.0768956924172235
2025-03-20 00:00:00-04:00,5662.5,-0.2817645504974875
2025-03-21 00:00:00-04:00,5617.7998046875,-0.7894074227373093
2025-03-24 00:00:00-04:00,5815.5,3.5191748048326366
2025-03-25 00:00:00-04:00,5826.5,0.18914968618346517
2025-03-26 00:00:00-04:00,5759.5,-1.149918475928946
2025-03-27 00:00:00-04:00,5739.25,-0.35159302022744754
2025-03-28 00:00:00-04:00,5623.0,-2.025525983360199
2025-03-31 00:00:00-04:00,5653.25,0.5379690556642336
2025-04-01 00:00:00-04:00,5674.5,0.37588997479325315
2025-04-02 00:00:00-04:00,5712.25,0.6652568508238588
2025-04-03 00:00:00-04:00,5432.75,-4.892993128802137
2025-04-04 00:00:00-04:00,5110.25,-5.936220146334725
2025-04-07 00:00:00-04:00,5097.25,-0.2543906853872069
2025-04-08 00:00:00-04:00,5020.25,-1.5106184707440296
2025-04-09 00:00:00-04:00,5491.0,9.377023056620693
2025-04-10 00:00:00-04:00,5302.0,-3.441995993443814
2025-04-11 00:00:00-04:00,5391.25,1.6833270463975758
2025-04-14 00:00:00-04:00,5440.75,0.9181544168792133
2025-04-15 00:00:00-04:00,5428.25,-0.22974773698478668
2025-04-16 00:00:00-04:00,5305.75,-2.2567125685073464
2025-04-17 00:00:00-04:00,5312.75,0.1319323375583048
2025-04-21 00:00:00-04:00,5184.75,-2.409298385958303
2025-04-22 00:00:00-04:00,5314.75,2.507353295723025
2025-04-23 00:00:00-04:00,5401.75,1.6369537607601403
2025-04-24 00:00:00-04:00,5511.25,2.027120840468366
2025-04-25 00:00:00-04:00,5549.75,0.698571104558865
2025-04-28 00:00:00-04:00,5553.0,0.05856119645029079
2025-04-29 00:00:00-04:00,5583.75,0.5537547271744936
2025-04-30 00:00:00-04:00,5587.0,0.05820461159615764
2025-05-01 00:00:00-04:00,5623.25,0.648827635582605
2025-05-02 00:00:00-04:00,5709.0,1.5249188636464739
2025-05-05 00:00:00-04:00,5671.75,-0.6524785426519575
2025-05-06 00:00:00-04:00,5625.75,-0.811037157843697
2025-05-07 00:00:00-04:00,5652.0,0.46660445273962736
2025-05-08 00:00:00-04:00,5684.5,0.5750176928520867
2025-05-09 00:00:00-04:00,5678.0,-0.11434602867446131
2025-05-12 00:00:00-04:00,5865.0,3.293413173652704
2025-05-13 00:00:00-04:00,5904.5,0.673486786018751
2025-05-14 00:00:00-04:00,5908.5,0.06774494029977429
2025-05-15 00:00:00-04:00,5933.25,0.4188880426504227
2025-05-16 00:00:00-04:00,5975.5,0.7120886529305093
2025-05-19 00:00:00-04:00,5982.5,0.11714500878587941
2025-05-20 00:00:00-04:00,5959.75,-0.3802758044295862
2025-05-21 00:00:00-04:00,5861.25,-1.652753890683334
2025-05-22 00:00:00-04:00,5856.75,-0.07677543186180857
2025-05-23 00:00:00-04:00,5817.0,-0.6787040594186222
2025-05-27 00:00:00-04:00,5934.25,2.0156438026474044
2025-05-28 00:00:00-04:00,5902.75,-0.5308168681804726
2025-05-29 00:00:00-04:00,5922.75,0.3388251238829465
2025-05-30 00:00:00-04:00,5916.0,-0.11396732936558296
2025-06-02 00:00:00-04:00,5947.25,0.5282285327924185
2025-06-03 00:00:00-04:00,5981.5,0.5758964227163821
2025-06-04 00:00:00-04:00,5981.0,-0.008359107247346564
2025-06-05 00:00:00-04:00,5946.0,-0.585186423674966
2025-06-06 00:00:00-04:00,6006.75,1.0216952573158355
2025-06-09 00:00:00-04:00,6010.25,0.05826778207849159
2025-06-10 00:00:00-04:00,6045.0,0.5781789443034757
2025-06-11 00:00:00-04:00,6029.0,-0.2646815550041315
2025-06-12 00:00:00-04:00,6049.5,0.3400232210980292
2025-06-13 00:00:00-04:00,5979.25,-1.1612529961153806
2025-06-16 00:00:00-04:00,6035.75,0.9449345653719021
2025-06-17 00:00:00-04:00,5985.0,-0.8408234270803172
2025-06-18 00:00:00-04:00,5981.5,-0.05847953216374657
2025-06-20 00:00:00-04:00,6010.2099609375,0.4799792850873619
2025-06-23 00:00:00-04:00,6077.0,1.1112763031007722
2025-06-24 00:00:00-04:00,6146.25,1.1395425374362445
2025-06-25 00:00:00-04:00,6147.0,0.012202562538132788
2025-06-26 00:00:00-04:00,6195.0,0.7808687164470474
2025-06-27 00:00:00-04:00,6223.75,0.46408393866022024
2025-06-30 00:00:00-04:00,6253.75,0.4820245029122372
2025-07-01 00:00:00-04:00,6248.75,-0.079952028782726
2025-07-02 00:00:00-04:00,6275.0,0.42008401680335705
2025-07-03 00:00:00-04:00,6324.25,0.7848605577689183
2025-07-04 00:00:00-04:00,6283.5,-0.644345179270267
2025-07-07 00:00:00-04:00,6276.0,-0.11936022917163891
2025-07-08 00:00:00-04:00,6272.0,-0.06373486297004405
2025-07-09 00:00:00-04:00,6307.25,0.5620216836734748
2025-07-10 00:00:00-04:00,6324.25,0.2695310951682517
2025-07-11 00:00:00-04:00,6300.0,-0.38344467723445685
2025-07-14 00:00:00-04:00,6311.0,0.17460317460318286
2025-07-15 00:00:00-04:00,6284.0,-0.4278244335287562
2025-07-16 00:00:00-04:00,6303.25,0.3063335455124161
2025-07-17 00:00:00-04:00,6340.5,0.5909649783841564
2025-07-18 00:00:00-04:00,6334.75,-0.09068685434903134
2025-07-21 00:00:00-04:00,6344.75,0.15785942618098403
2025-07-22 00:00:00-04:00,6346.75,0.03152212459118786
2025-07-23 00:00:00-04:00,6396.25,0.7799267341552785
2025-07-24 00:00:00-04:00,6401.5,0.08207934336526002
2025-07-25 00:00:00-04:00,6425.0,0.3671014605951761
2025-07-28 00:00:00-04:00,6422.75,-0.03501945525291594
2025-07-29 00:00:00-04:00,6406.0,-0.26079171694367576
2025-07-30 00:00:00-04:00,6396.25,-0.15220106150484192
2025-07-31 00:00:00-04:00,6374.25,-0.34395153410201607
2025-08-01 00:00:00-04:00,6264.5,-1.721771188767307
2025-08-04 00:00:00-04:00,6356.0,1.4606113815947008
2025-08-05 00:00:00-04:00,6325.25,-0.48379483952171176
2025-08-06 00:00:00-04:00,6371.0,0.7232915695031927
2025-08-07 00:00:00-04:00,6366.5,-0.07063255375922006
2025-08-08 00:00:00-04:00,6413.5,0.7382392209220212
2025-08-11 00:00:00-04:00,6399.75,-0.2143915178919431
2025-08-12 00:00:00-04:00,6468.5,1.0742607133091164
2025-08-13 00:00:00-04:00,6488.75,0.3130555770271215
2025-08-14 00:00:00-04:00,6490.5,0.02696975534579593
2025-08-15 00:00:00-04:00,6471.5,-0.29273553655342344
2025-08-18 00:00:00-04:00,6469.25,-0.03476782816966839
2025-08-19 00:00:00-04:00,6432.5,-0.5680720330795697
2025-08-20 00:00:00-04:00,6413.25,-0.29926156237854995
2025-08-21 00:00:00-04:00,6388.25,-0.3898179550150038
2025-08-22 00:00:00-04:00,6483.25,1.4871052322623646
2025-08-25 00:00:00-04:00,6455.5,-0.428026067173104
2025-08-26 00:00:00-04:00,6482.5,0.418248005576638
2025-08-27 00:00:00-04:00,6496.0,0.20825298881603782
2025-08-28 00:00:00-04:00,6517.5,0.33097290640393684
2025-08-29 00:00:00-04:00,6472.75,-0.6866129650939801
2025-09-02 00:00:00-04:00,6425.5,-0.7299833919122478
2025-09-03 00:00:00-04:00,6457.25,0.49412497081939843
2025-09-04 00:00:00-04:00,6510.75,0.8285260753416734
2025-09-05 00:00:00-04:00,6489.75,-0.32254348577352987
2025-09-08 00:00:00-04:00,6506.0,0.2503948534227085
2025-09-09 00:00:00-04:00,6521.75,0.24208422994158596
2025-09-10 00:00:00-04:00,6539.75,0.27599954000077087
2025-09-11 00:00:00-04:00,6592.5,0.806605757100809
2025-09-12 00:00:00-04:00,6588.25,-0.06446719757300379
2025-09-15 00:00:00-04:00,6621.5,0.5046863734679219
2025-09-16 00:00:00-04:00,6610.75,-0.16234992071283427
2025-09-17 00:00:00-04:00,6601.25,-0.14370532844231176
2025-09-18 00:00:00-04:00,6635.0,0.5112668055292646
2025-09-19 00:00:00-04:00,6658.77001953125,0.3582519899208769
2025-09-22 00:00:00-04:00,6752.5,1.4076170252738107
2025-09-23 00:00:00-04:00,6715.0,-0.5553498704183646
2025-09-24 00:00:00-04:00,6692.25,-0.3387937453462442
2025-09-25 00:00:00-04:00,6659.75,-0.4856363704284772
2025-09-26 00:00:00-04:00,6696.5,0.5518225158602119
2025-09-29 00:00:00-04:00,6713.5,0.25386395878443935
2025-09-30 00:00:00-04:00,6738.75,0.37610784240709183
2025-10-01 00:00:00-04:00,6761.5,0.3375997032090572
2025-10-02 00:00:00-04:00,6766.75,0.07764549286402023
2025-10-03 00:00:00-04:00,6764.0,-0.040639893597371746
2025-10-06 00:00:00-04:00,6788.75,0.3659077468953331
2025-10-07 00:00:00-04:00,6761.5,-0.40139937396428405
2025-10-08 00:00:00-04:00,6801.25,0.5878873031132104
2025-10-09 00:00:00-04:00,6779.25,-0.3234699503767646
2025-10-10 00:00:00-04:00,6595.25,-2.714164546225617
2025-10-13 00:00:00-04:00,6694.75,1.5086615367120304
2025-10-14 00:00:00-04:00,6686.5,-0.12323088987639119
2025-10-15 00:00:00-04:00,6715.0,0.42623195991924323
2025-10-16 00:00:00-04:00,6668.75,-0.6887565152643327
2025-10-17 00:00:00-04:00,6702.5,0.5060918462980402
2025-10-20 00:00:00-04:00,6773.75,1.0630361805296529
2025-10-21 00:00:00-04:00,6773.25,-0.0073814356892465405
2025-10-22 00:00:00-04:00,6737.0,-0.5351935924408524
2025-10-23 00:00:00-04:00,6775.0,0.5640492800949914
2025-10-24 00:00:00-04:00,6827.0,0.7675276752767468
2025-10-27 00:00:00-04:00,6908.25,1.1901274351838298
2025-10-28 00:00:00-04:00,6925.75,0.2533203054319033
2025-10-29 00:00:00-04:00,6922.75,-0.043316608309573734
2025-10-30 00:00:00-04:00,6855.5,-0.9714347621970987
2025-10-31 00:00:00-04:00,6874.0,0.26985631974327795
2025-11-03 00:00:00-05:00,6882.75,0.1272912423625261
2025-11-04 00:00:00-05:00,6801.75,-1.176855181431835
2025-11-05 00:00:00-05:00,6825.25,0.34549932002794215
2025-11-06 00:00:00-05:00,6747.5,-1.1391524119995555
2025-11-07 00:00:00-05:00,6753.75,0.09262689885143338
2025-11-10 00:00:00-05:00,6856.75,1.5250786600037092
2025-11-11 00:00:00-05:00,6871.5,0.21511649104897224
2025-11-12 00:00:00-05:00,6875.75,0.06184966892235355
2025-11-13 00:00:00-05:00,6760.0,-1.683452714249356
2025-11-14 00:00:00-05:00,6755.25,-0.07026627218934545
2025-11-17 00:00:00-05:00,6692.0,-0.9363087968616957
2025-11-18 00:00:00-05:00,6639.75,-0.7807830245068703
2025-11-19 00:00:00-05:00,6661.5,0.32757257426860864
2025-11-20 00:00:00-05:00,6557.5,-1.5612099377017241
2025-11-21 00:00:00-05:00,6620.25,0.9569195577582956
2025-11-24 00:00:00-05:00,6721.25,1.5256221441788398
2025-11-25 00:00:00-05:00,6781.5,0.8964106379021786
2025-11-26 00:00:00-05:00,6828.0,0.6856890068568822
2025-11-28 00:00:00-05:00,6859.5,0.46133567662565156
2025-12-01 00:00:00-05:00,6826.75,-0.47744004665063455
2025-12-02 00:00:00-05:00,6840.25,0.1977514922913537
2025-12-03 00:00:00-05:00,6862.0,0.31797083439932816
2025-12-04 00:00:00-05:00,6866.75,0.06922180122412858
2025-12-05 00:00:00-05:00,6878.25,0.1674736957075762
2025-12-08 00:00:00-05:00,6855.75,-0.3271180896303516
2025-12-09 00:00:00-05:00,6848.25,-0.10939722131058094
2025-12-10 00:00:00-05:00,6891.75,0.6351987734092734
2025-12-11 00:00:00-05:00,6907.25,0.2249065912141246
2025-12-12 00:00:00-05:00,6830.75,-1.1075319410764006
2025-12-15 00:00:00-05:00,6823.0,-0.11345752662591524
2025-12-16 00:00:00-05:00,6801.0,-0.3224388099076658
2025-12-17 00:00:00-05:00,6726.5,-1.0954271430671958
2025-12-18 00:00:00-05:00,6778.25,0.7693451274808583
2025-12-19 00:00:00-05:00,6796.5400390625,0.26983423542212837
2025-12-22 00:00:00-05:00,6930.25,1.967323964385037
2025-12-23 00:00:00-05:00,6961.0,0.4437069369791935
2025-12-24 00:00:00-05:00,6982.5,0.30886366901308193
2025-12-26 00:00:00-05:00,6979.25,-0.046544933762981966
2025-12-29 00:00:00-05:00,6955.0,-0.3474585378085093
2025-12-30 00:00:00-05:00,6944.25,-0.15456506110711477
2025-12-31 00:00:00-05:00,6892.5,-0.7452208661842485
2026-01-02 00:00:00-05:00,6900.5,0.11606819006166891
2026-01-05 00:00:00-05:00,6943.75,0.6267661763640353
2026-01-06 00:00:00-05:00,6987.75,0.6336633663366342
2026-01-07 00:00:00-05:00,6963.25,-0.3506135737540661
2026-01-08 00:00:00-05:00,6962.0,-0.01795138764226767
2026-01-09 00:00:00-05:00,7005.0,0.6176386095949393
2026-01-12 00:00:00-05:00,7016.5,0.16416845110636125
2026-01-13 00:00:00-05:00,7001.75,-0.2102187700420477
2026-01-14 00:00:00-05:00,6966.25,-0.507016103117075
2026-01-15 00:00:00-05:00,6981.75,0.22250134577426195
2026-01-16 00:00:00-05:00,6976.75,-0.07161528270133166
